order_item_id,order_id,product_id,quantity,unit_price,discount
1,109,223,5,55.47,11.85
2,14,88,4,931.12,12.15
3,674,495,5,1457.3,9.08
4,833,499,5,734.24,20.21
5,707,346,4,1613.19,2.63
6,139,8,2,241.59,0.48
7,994,97,1,434.27,19.46
8,666,124,4,1687.34,25.75
9,552,98,1,615.82,13.9
10,486,217,1,250.59,27.07
11,757,360,4,1928.46,14.14
12,881,231,5,500.41,8.84
13,850,427,4,120.83,0.24
14,646,434,4,1959.38,25.46
15,755,297,5,1467.54,29.97
16,38,250,4,982.48,17.73
17,627,479,4,479.17,1.82
18,20,217,5,645.38,1.91
19,915,332,4,1780.5,3.51
20,638,481,3,907.68,13.09
21,166,148,2,949.1,13.14
22,520,113,5,1819.96,10.17
23,617,437,4,279.69,8.8
24,729,200,4,1669.5,20.19
25,753,185,4,1603.52,25.34
26,637,107,3,1387.58,2.59
27,495,67,2,414.98,18.17
28,104,407,4,1887.25,14.81
29,241,108,5,113.16,0.54
30,903,134,3,1360.32,5.24
31,881,458,5,83.3,1.91
32,441,59,5,468.85,16.86
33,499,133,3,1574.07,23.08
34,789,450,5,549.63,4.54
35,707,448,5,1216.49,3.12
36,52,475,4,1601.99,28.88
37,774,57,1,1567.67,18.29
38,879,486,1,1650.75,1.26
39,108,86,1,1744.32,27.33
40,161,373,3,1422.16,22.86
41,511,376,1,325.51,10.91
42,839,71,1,1700.22,13.17
43,426,394,1,505.73,24.27
44,350,147,5,359.1,7.98
45,733,387,4,734.07,19.95
46,156,386,5,855.01,6.85
47,822,220,4,1837.68,26.94
48,975,437,5,1593.32,10.85
49,31,227,2,1544.9,21.53
50,530,484,1,187.86,9.44
51,791,85,4,141.71,22.78
52,677,473,2,1806.97,1.73
53,647,366,5,1945.87,12.58
54,908,349,5,1749.62,21.65
55,322,466,3,35.65,8.39
56,541,313,2,1406.58,13.39
57,211,455,5,1256.23,18.55
58,453,358,3,1777.6,23.45
59,415,398,2,1764.33,2.53
60,551,172,4,1455.7,22.2
61,130,267,5,582.18,2.78
62,566,160,5,694.6,19.07
63,24,15,5,1193.16,7.24
64,793,156,4,1974.17,3.31
65,62,431,3,534.32,15.22
66,127,25,1,908.5,17.17
67,6,233,3,1966.24,24.16
68,596,290,5,1692.1,7.02
69,307,146,5,1351.42,21.43
70,533,378,2,228.35,15.49
71,198,422,3,919.53,4.4
72,436,425,4,182.26,1.87
73,910,67,4,445.27,2.34
74,694,270,4,1184.71,15.57
75,405,447,3,1176.92,19.09
76,451,353,4,1468.8,12.51
77,167,74,5,271.71,21.33
78,133,496,5,1729.28,3.54
79,218,234,4,84.56,4.71
80,573,190,1,1211.17,12.26
81,124,190,5,593.39,15.68
82,121,191,3,1982.22,9.1
83,498,15,2,301.44,17.69
84,50,480,3,1780.33,6.47
85,839,379,4,24.13,16.43
86,70,446,1,846.8,17.19
87,580,232,3,1567.07,14.26
88,738,427,5,282.96,4.16
89,652,236,4,1341.1,4.47
90,746,167,1,1603.63,19.94
91,420,199,2,1802.48,10.17
92,47,491,4,1477.11,19.38
93,887,85,1,1152.55,23.88
94,725,159,5,1297.42,19.32
95,88,99,5,1092.83,22.73
96,981,292,5,395.0,14.28
97,919,10,1,1323.34,15.96
98,986,10,3,1577.78,7.36
99,723,430,5,899.57,24.21
100,622,165,4,1186.01,14.74
101,957,12,3,885.29,12.45
102,881,271,3,776.38,2.73
103,102,278,2,585.0,5.48
104,787,46,2,627.45,12.22
105,174,31,5,1923.02,5.44
106,731,30,3,792.08,9.6
107,423,458,3,530.71,28.25
108,922,62,1,421.07,22.56
109,601,122,4,1027.07,15.13
110,973,59,3,140.05,13.94
111,417,34,4,77.23,19.01
112,936,454,1,552.94,28.9
113,692,52,2,1530.7,19.55
114,129,156,5,825.36,2.52
115,652,257,2,1570.11,4.27
116,554,87,2,1084.32,12.71
117,934,285,4,102.75,24.38
118,985,425,5,592.71,29.16
119,1,31,4,561.14,7.53
120,697,195,3,1688.03,6.38
121,861,262,3,110.06,22.18
122,577,36,3,197.64,20.95
123,851,72,5,1997.67,26.35
124,216,313,5,1915.69,9.55
125,699,485,3,1277.64,29.39
126,725,232,3,506.94,29.49
127,350,108,4,1918.81,9.85
128,936,355,2,1299.96,0.06
129,488,3,1,1351.96,12.39
130,917,357,4,1529.68,16.14
131,807,449,1,1086.53,26.78
132,836,344,4,1351.05,10.59
133,833,193,5,728.77,5.32
134,787,416,1,267.03,11.11
135,198,228,1,458.61,0.59
136,288,349,3,399.19,24.49
137,641,156,2,483.83,14.81
138,372,19,3,995.82,21.12
139,621,108,1,408.25,24.63
140,406,57,3,1146.82,14.82
141,566,100,5,1350.91,18.09
142,180,34,5,273.93,1.95
143,266,478,5,1713.85,26.43
144,747,401,3,399.87,20.34
145,994,355,5,1236.62,20.42
146,905,233,1,1877.02,19.23
147,966,333,1,1710.64,9.69
148,865,209,3,261.0,15.55
149,508,186,5,1522.86,26.51
150,230,25,3,1838.42,15.97
151,324,3,4,405.32,2.45
152,586,414,1,1980.72,6.77
153,707,217,1,1835.65,5.91
154,338,160,1,1259.47,2.9
155,492,222,1,1193.21,18.79
156,343,431,3,509.36,14.21
157,982,175,1,1646.83,15.59
158,243,484,1,1555.98,18.59
159,783,49,4,1166.29,2.57
160,63,470,1,767.24,26.7
161,711,34,2,142.76,24.07
162,57,155,5,1259.85,1.97
163,694,29,5,123.36,25.5
164,412,50,5,1508.89,6.99
165,614,404,5,41.0,11.52
166,815,220,5,1246.08,10.19
167,961,346,1,919.07,9.85
168,198,56,1,44.33,21.4
169,608,405,2,1810.65,3.78
170,522,132,3,853.59,21.74
171,456,96,2,292.59,1.32
172,131,160,5,882.98,28.79
173,773,184,3,1175.66,16.23
174,150,76,4,631.18,10.29
175,378,497,1,1045.01,19.73
176,149,30,2,1024.07,25.06
177,880,28,4,700.76,29.3
178,656,466,2,1574.82,10.25
179,684,244,4,1207.53,9.93
180,593,290,3,1239.88,12.56
181,167,54,4,1754.69,27.32
182,508,113,1,1284.76,20.8
183,478,320,2,493.26,22.04
184,976,418,3,1618.4,11.28
185,410,95,1,738.38,2.21
186,31,285,1,301.96,13.21
187,647,300,3,106.93,0.89
188,203,146,2,453.51,7.86
189,179,174,5,507.01,5.88
190,181,432,3,1823.08,0.63
191,694,71,4,1316.64,26.55
192,347,480,2,624.04,7.2
193,829,191,2,1883.5,29.31
194,639,452,4,1759.21,1.96
195,148,452,2,1593.9,5.75
196,388,356,3,649.54,12.89
197,652,126,1,1530.9,17.62
198,875,275,3,1583.38,9.83
199,55,323,3,1748.25,25.55
200,992,300,4,434.29,2.44
201,482,405,5,148.45,15.26
202,770,452,5,761.05,15.57
203,184,165,3,1060.44,14.5
204,979,254,4,551.3,12.03
205,944,405,5,1306.48,6.22
206,917,104,4,1729.07,11.88
207,314,218,4,1151.31,28.06
208,384,131,5,187.82,22.55
209,303,228,5,716.12,17.52
210,477,263,5,686.02,13.53
211,443,210,3,1612.92,9.51
212,392,13,2,894.54,7.97
213,78,184,1,603.15,15.05
214,560,330,1,1576.03,27.8
215,101,61,1,733.27,16.38
216,342,101,3,515.05,22.36
217,787,350,3,397.47,18.12
218,142,438,5,1826.52,0.26
219,307,145,3,1570.59,12.11
220,416,421,5,1520.46,0.36
221,670,263,2,1733.62,6.83
222,741,384,2,959.39,15.47
223,805,283,4,1450.57,13.84
224,811,44,3,1694.69,12.86
225,965,358,4,434.98,13.5
226,572,16,3,295.12,26.21
227,313,483,1,1009.6,19.77
228,364,174,2,849.91,20.57
229,414,391,5,613.28,17.61
230,582,403,1,1845.85,4.61
231,976,170,5,1267.08,18.09
232,623,294,4,1960.74,6.13
233,401,33,5,785.14,14.24
234,337,292,4,1285.23,9.14
235,176,54,5,371.72,24.79
236,618,251,1,389.65,2.08
237,987,198,3,427.67,8.73
238,537,36,4,133.76,15.56
239,176,168,4,794.39,29.69
240,133,275,4,966.94,2.06
241,979,463,2,277.27,6.17
242,443,419,4,334.39,17.25
243,318,301,2,1014.9,20.55
244,283,104,1,1982.35,13.37
245,845,205,5,1618.98,15.78
246,933,292,4,931.21,17.28
247,755,47,3,1299.67,27.57
248,356,359,3,794.36,24.7
249,871,90,4,513.29,27.0
250,751,222,4,781.64,19.77
251,716,292,1,799.23,28.37
252,246,454,2,562.08,18.84
253,299,342,1,1402.13,21.67
254,223,466,4,834.33,22.86
255,125,189,1,1515.69,15.13
256,799,167,4,912.85,7.58
257,519,23,4,72.9,19.17
258,692,384,4,774.69,22.38
259,877,100,4,94.79,7.52
260,727,470,2,667.68,22.46
261,497,237,1,183.45,19.71
262,731,487,4,297.71,24.61
263,862,83,2,1680.22,18.21
264,182,151,1,1078.61,11.73
265,80,344,1,1361.22,4.6
266,367,92,2,1434.54,26.78
267,546,111,4,1399.55,25.1
268,831,268,1,793.42,9.25
269,54,307,1,116.36,11.32
270,207,476,2,761.8,7.16
271,94,9,4,75.33,0.44
272,841,99,1,456.72,26.47
273,817,428,2,1453.54,1.32
274,525,56,3,658.91,18.8
275,640,107,5,802.23,12.84
276,238,110,1,726.02,5.21
277,412,335,3,43.72,6.38
278,226,34,3,1306.89,11.07
279,69,454,2,833.97,23.03
280,512,53,5,1586.69,27.67
281,583,88,3,1918.89,18.0
282,647,357,4,1362.24,29.17
283,711,69,3,367.16,22.85
284,705,163,4,153.68,0.53
285,934,300,4,777.1,19.22
286,239,258,5,1415.17,0.4
287,22,316,1,631.52,22.14
288,776,125,5,177.19,4.13
289,511,152,2,320.31,6.13
290,39,122,5,1977.33,13.31
291,899,169,2,570.69,19.31
292,779,21,5,1587.72,12.45
293,833,148,1,473.44,21.99
294,351,125,2,1087.84,27.2
295,681,128,2,1223.97,11.44
296,330,94,4,1266.97,1.94
297,504,36,2,123.17,29.76
298,961,105,2,201.68,17.78
299,852,408,2,487.89,2.34
300,743,240,3,345.03,5.93
301,435,91,5,512.96,8.56
302,460,496,2,558.28,23.44
303,82,487,3,808.52,5.03
304,452,217,5,1226.6,13.0
305,160,420,4,59.23,11.44
306,875,43,3,1198.46,4.58
307,745,90,3,773.29,9.18
308,291,193,5,1219.93,2.16
309,140,367,4,407.52,27.48
310,5,7,5,1466.13,11.23
311,415,474,4,1881.76,29.11
312,383,197,4,629.47,29.63
313,73,210,1,1985.1,3.73
314,955,290,2,404.57,13.09
315,262,395,3,1029.02,14.66
316,706,189,1,1308.79,27.8
317,754,127,2,965.9,27.64
318,371,324,1,1400.99,19.36
319,268,310,4,1889.65,4.42
320,254,309,5,1904.52,25.25
321,13,60,1,1295.91,27.51
322,408,362,5,1948.81,2.41
323,932,97,4,348.33,12.81
324,709,155,5,1936.01,19.75
325,392,301,3,1473.19,22.57
326,947,373,1,236.36,17.18
327,817,177,2,552.66,6.29
328,767,204,3,32.71,5.05
329,504,1,1,158.29,20.89
330,538,214,3,1471.42,5.12
331,384,96,2,412.08,5.46
332,972,57,4,1142.84,6.38
333,206,31,2,1622.17,5.76
334,924,447,4,892.65,27.39
335,112,445,2,178.02,2.57
336,128,142,1,697.46,17.57
337,490,249,1,38.82,7.98
338,979,4,5,1582.63,1.26
339,217,268,1,763.82,15.6
340,986,390,3,1865.61,14.2
341,346,310,4,686.37,20.46
342,352,162,2,1883.16,19.95
343,388,313,1,1951.1,26.19
344,826,52,1,924.7,20.95
345,743,428,2,70.85,3.69
346,544,144,2,749.49,18.55
347,675,446,4,1039.53,19.81
348,4,327,3,52.93,10.81
349,47,497,3,1362.3,7.01
350,497,205,5,1592.04,10.45
351,962,477,4,1974.01,25.71
352,927,52,4,601.85,5.85
353,147,446,5,1754.94,23.55
354,734,259,1,273.17,23.9
355,309,427,5,1974.69,14.0
356,918,229,1,974.69,16.22
357,250,109,2,1511.44,19.79
358,92,55,4,1986.86,0.88
359,952,476,3,1807.24,22.99
360,226,369,3,1338.55,28.55
361,687,64,2,1847.02,19.01
362,504,47,3,1746.44,27.95
363,785,474,5,148.04,10.3
364,933,368,4,1314.76,23.55
365,990,439,4,1620.73,6.71
366,119,149,1,240.54,10.21
367,607,480,2,1494.34,3.48
368,377,66,3,1909.06,17.31
369,2,160,1,1188.32,5.7
370,398,217,3,1547.14,23.93
371,957,408,2,1049.11,18.05
372,228,55,4,38.19,25.57
373,324,75,3,1677.69,14.99
374,467,76,5,581.12,22.41
375,870,411,1,1205.78,9.27
376,706,64,3,1993.76,21.2
377,490,324,2,1000.15,21.12
378,386,31,3,322.35,21.5
379,869,376,2,1406.81,1.58
380,887,398,2,1716.42,21.82
381,307,418,2,1982.31,16.44
382,346,217,4,1980.82,22.73
383,401,37,5,1458.97,8.47
384,946,100,5,799.67,3.93
385,771,406,5,1734.39,1.62
386,958,364,3,925.91,4.91
387,141,227,4,596.34,4.34
388,224,412,2,1475.93,0.27
389,744,439,5,221.86,23.56
390,880,76,4,1901.79,12.81
391,862,87,1,210.17,29.22
392,184,484,1,252.35,15.46
393,347,304,4,1940.06,18.81
394,414,126,1,255.23,11.9
395,310,353,5,1910.02,19.58
396,385,398,1,1559.91,25.95
397,666,196,3,1272.02,13.35
398,12,62,1,183.62,14.68
399,685,466,5,465.37,17.61
400,587,246,3,1393.58,2.84
401,608,93,4,978.7,19.34
402,445,153,5,267.97,9.76
403,731,466,5,386.08,24.39
404,21,202,5,1638.58,23.5
405,543,251,1,1047.42,17.54
406,731,420,1,1511.95,6.22
407,675,460,1,377.72,17.97
408,185,3,5,905.52,9.43
409,41,66,5,428.34,4.84
410,576,132,1,187.53,3.74
411,306,187,5,359.77,29.31
412,674,1,2,615.19,28.39
413,532,464,3,1325.13,13.35
414,591,252,3,1054.88,29.58
415,361,311,5,1030.97,20.64
416,679,420,1,489.46,5.64
417,307,439,2,1915.7,18.06
418,222,303,3,569.24,21.87
419,433,39,5,524.84,11.45
420,926,84,4,923.01,28.34
421,693,218,2,1081.09,2.12
422,751,138,2,1434.6,16.91
423,664,421,5,1217.79,12.59
424,158,162,4,770.3,28.92
425,254,40,3,266.75,3.3
426,562,209,1,672.13,2.67
427,932,171,3,309.73,23.94
428,281,6,1,766.77,29.06
429,388,488,1,1569.81,3.71
430,540,373,3,1185.88,24.2
431,98,271,3,1406.9,25.96
432,565,139,5,216.15,1.44
433,326,485,4,377.73,24.18
434,695,496,5,1112.31,26.46
435,413,245,5,272.59,0.28
436,526,366,2,1321.97,4.28
437,582,377,3,124.67,21.76
438,998,190,2,1362.87,12.55
439,469,94,4,1972.77,23.95
440,515,147,3,1906.18,15.62
441,736,452,2,624.27,25.74
442,971,157,4,1545.75,25.36
443,650,41,1,1465.31,28.35
444,170,295,1,187.48,8.58
445,952,253,1,1925.09,12.72
446,521,478,2,969.72,15.45
447,694,455,5,1401.81,12.16
448,632,98,1,1434.04,21.08
449,768,177,2,1988.56,19.84
450,943,422,5,1374.47,1.27
451,460,494,2,1355.55,26.46
452,537,463,2,366.13,11.01
453,137,264,3,1905.92,12.68
454,389,88,3,1940.06,10.14
455,696,128,5,1704.54,25.73
456,298,154,4,601.22,6.39
457,756,324,5,799.37,27.69
458,952,478,5,1654.94,1.06
459,475,457,5,1699.74,1.72
460,7,316,4,670.53,10.62
461,6,180,2,816.09,0.27
462,442,252,2,187.79,15.43
463,158,211,1,1827.96,0.21
464,788,337,3,467.67,11.86
465,307,187,4,1786.54,16.09
466,276,56,4,1319.43,13.18
467,144,182,4,31.5,26.51
468,727,102,1,395.34,1.21
469,405,216,3,1803.98,4.81
470,204,486,4,1920.2,29.49
471,122,216,4,1109.24,23.99
472,732,66,3,1507.16,23.41
473,410,257,4,280.21,28.73
474,812,11,2,327.97,15.0
475,786,351,2,123.04,24.9
476,440,500,5,1480.11,13.03
477,297,145,4,183.58,12.87
478,633,79,5,389.98,8.43
479,118,443,3,1988.63,7.42
480,841,220,2,958.31,23.48
481,106,359,5,1229.98,5.66
482,876,303,2,474.18,3.97
483,40,141,2,1859.61,12.79
484,632,103,1,1731.41,11.41
485,538,157,2,459.11,12.78
486,63,262,4,1294.87,9.13
487,276,187,3,1887.14,21.35
488,253,164,1,379.87,0.02
489,677,382,3,439.72,14.16
490,931,311,1,873.2,7.57
491,504,187,3,622.63,2.91
492,14,350,5,1545.52,3.91
493,370,380,3,1491.01,17.67
494,620,191,2,1307.49,6.3
495,394,45,1,278.36,22.28
496,124,22,5,1937.29,26.52
497,838,98,2,1415.23,27.77
498,77,483,5,1245.64,9.04
499,486,390,2,1076.44,4.61
500,131,99,4,1109.98,7.58
501,899,389,5,1950.75,26.85
502,460,323,1,1823.48,2.03
503,430,269,5,1585.95,5.01
504,281,357,2,593.52,28.67
505,63,407,2,1486.62,11.92
506,702,273,5,1943.65,4.97
507,769,261,4,1133.75,11.71
508,622,140,2,384.45,4.8
509,224,304,1,1760.73,23.72
510,467,258,5,532.49,25.57
511,304,363,3,1113.26,5.13
512,47,274,2,597.85,19.19
513,965,453,3,1855.95,8.11
514,810,27,2,1979.28,6.3
515,119,1,3,1272.71,29.17
516,333,43,5,542.8,4.01
517,920,314,3,662.78,1.72
518,836,6,3,454.17,28.96
519,181,132,1,1084.03,29.36
520,797,481,5,230.76,22.37
521,392,485,3,1742.65,19.03
522,565,106,4,456.87,8.06
523,596,323,4,328.17,6.95
524,744,223,3,313.7,14.37
525,508,93,4,386.36,25.87
526,194,292,4,1887.84,5.41
527,289,11,3,342.58,5.33
528,404,352,5,391.94,4.31
529,437,126,4,1820.08,29.11
530,103,371,5,291.84,22.51
531,13,309,1,768.19,0.62
532,847,7,1,281.71,23.1
533,275,74,5,46.72,28.99
534,981,406,1,1093.89,24.55
535,874,363,1,420.6,14.41
536,577,457,4,1634.62,9.22
537,491,80,2,130.63,20.76
538,643,279,1,61.99,1.34
539,558,152,1,1032.85,25.09
540,146,1,2,67.52,12.81
541,151,181,3,467.25,26.37
542,394,352,1,993.8,29.72
543,230,53,3,727.47,18.47
544,122,185,1,1793.26,18.14
545,183,220,5,682.99,5.44
546,436,77,3,1257.02,8.61
547,897,54,3,1834.14,19.85
548,956,136,1,1581.94,25.85
549,153,399,2,654.11,11.72
550,739,408,4,1633.01,3.39
551,438,492,3,306.44,9.69
552,131,94,4,718.17,14.83
553,493,356,4,1211.45,19.1
554,142,411,2,778.71,16.48
555,552,274,4,1074.3,24.64
556,394,43,5,1435.54,15.81
557,796,356,2,1412.12,7.06
558,3,105,1,737.55,14.22
559,137,472,1,137.96,10.48
560,870,435,2,603.5,4.32
561,874,283,4,500.14,24.83
562,58,383,2,252.13,20.87
563,147,194,1,1398.32,12.74
564,56,360,1,1332.24,2.21
565,858,305,2,79.77,10.96
566,81,126,1,44.71,24.93
567,427,77,2,950.13,4.2
568,541,358,3,950.97,21.68
569,455,401,1,587.8,4.68
570,903,329,1,1216.26,5.21
571,165,6,4,1668.71,20.4
572,897,233,5,1428.59,7.74
573,586,257,3,1424.52,12.71
574,161,140,1,1052.57,29.34
575,129,381,2,812.8,1.68
576,402,95,5,1218.07,2.32
577,710,240,4,640.12,19.26
578,848,195,2,128.25,11.14
579,435,100,3,234.63,2.33
580,618,399,3,75.54,8.47
581,555,55,1,439.58,0.33
582,932,159,2,1112.35,19.15
583,34,124,3,188.38,17.1
584,46,289,4,110.45,9.44
585,967,159,1,1961.47,22.55
586,982,204,5,405.87,22.56
587,744,183,2,1411.26,2.92
588,418,460,5,219.99,24.22
589,154,13,5,1596.22,14.31
590,890,437,1,594.44,4.55
591,475,41,1,1906.58,6.95
592,221,414,2,1542.27,4.83
593,987,257,5,1984.71,18.26
594,536,477,3,906.01,3.94
595,298,185,5,1714.79,12.93
596,913,365,4,493.44,29.91
597,622,39,2,1142.46,29.83
598,100,413,1,302.39,26.11
599,561,445,1,1007.85,13.64
600,174,479,3,339.72,8.4
601,373,181,1,160.85,21.32
602,472,133,4,1957.4,22.89
603,453,333,2,1880.86,29.15
604,500,21,3,1720.83,12.03
605,878,318,2,892.84,15.37
606,640,488,3,759.89,20.47
607,519,231,3,1757.27,29.74
608,44,318,1,1487.26,7.34
609,841,288,1,326.03,3.16
610,385,82,5,810.58,2.19
611,398,448,4,1344.92,10.47
612,480,329,5,1802.25,13.95
613,88,93,1,1836.57,27.67
614,787,222,2,815.01,1.93
615,351,310,4,441.02,22.24
616,118,143,4,95.8,4.67
617,482,75,2,653.97,0.94
618,616,397,4,143.55,24.26
619,809,221,4,442.57,6.34
620,24,488,4,554.3,19.07
621,86,73,1,562.33,2.45
622,895,365,4,1745.15,15.74
623,686,458,3,384.48,1.61
624,917,462,4,697.2,22.6
625,169,102,3,1885.04,14.45
626,549,353,2,1931.87,13.1
627,935,355,5,790.49,0.3
628,802,458,5,413.15,21.68
629,593,316,2,660.99,29.59
630,962,376,3,48.09,26.9
631,957,76,4,1731.32,3.41
632,994,346,4,540.35,21.67
633,462,483,2,1275.9,19.17
634,593,50,1,452.87,29.37
635,431,357,5,1553.28,18.03
636,222,179,2,1905.71,29.15
637,591,490,1,753.11,10.91
638,310,460,3,1014.13,26.03
639,717,256,4,839.83,10.55
640,849,278,4,1055.88,22.95
641,117,475,2,928.47,11.19
642,567,305,2,1094.67,11.45
643,866,338,4,1275.53,21.06
644,961,474,1,1990.82,24.18
645,107,46,1,1240.2,12.34
646,509,384,5,1855.91,2.99
647,455,258,5,1615.62,20.03
648,873,216,2,461.3,13.64
649,391,59,2,1715.56,28.52
650,360,496,4,837.61,24.61
651,721,402,4,35.06,11.24
652,230,260,3,549.87,19.76
653,315,430,4,1353.14,0.12
654,931,213,1,50.75,4.6
655,384,431,5,1643.67,18.0
656,344,88,5,1985.8,7.25
657,997,201,2,1240.21,11.8
658,53,411,5,869.62,28.18
659,400,373,2,818.18,9.54
660,163,224,2,217.16,24.04
661,517,61,5,1572.88,25.29
662,643,470,3,1677.93,4.77
663,331,105,1,204.67,13.12
664,644,395,5,323.04,18.54
665,557,472,1,1152.15,0.76
666,752,67,4,1276.24,23.33
667,192,123,2,607.91,16.06
668,252,372,4,1545.38,19.78
669,282,43,2,1262.33,19.15
670,594,444,1,239.64,27.82
671,126,55,2,579.28,26.84
672,96,40,4,1692.35,27.38
673,213,201,1,992.25,0.66
674,76,250,1,436.39,12.6
675,912,161,4,1620.93,5.39
676,11,463,2,1326.14,18.94
677,876,17,1,1952.31,29.81
678,496,315,5,1102.04,4.75
679,760,131,1,401.83,0.89
680,24,266,5,1526.7,6.49
681,374,59,2,78.41,4.16
682,86,373,2,549.83,14.45
683,977,48,3,1422.01,19.56
684,479,382,4,883.4,28.39
685,945,99,3,362.46,20.61
686,909,368,3,1924.51,3.09
687,813,393,5,636.94,23.82
688,977,370,4,878.27,13.38
689,611,383,3,1635.47,18.69
690,622,197,4,415.45,10.59
691,920,324,1,909.82,26.68
692,982,262,3,1182.0,8.8
693,847,450,5,717.46,0.9
694,185,415,3,870.19,5.58
695,252,38,2,1320.77,11.16
696,799,161,1,39.07,20.65
697,735,169,2,941.45,23.86
698,921,120,5,151.15,8.51
699,218,270,2,223.78,8.34
700,623,485,1,1156.42,19.39
701,699,388,4,649.21,9.6
702,202,26,4,1007.33,29.71
703,432,62,1,916.51,18.04
704,606,197,2,1161.3,8.55
705,660,402,5,1976.15,27.35
706,292,68,4,93.28,16.0
707,541,21,3,1296.66,2.08
708,98,425,4,1452.04,8.24
709,772,178,4,177.94,23.24
710,506,314,1,798.79,20.89
711,466,253,1,1689.29,28.13
712,106,15,2,114.71,0.31
713,108,166,4,468.16,2.64
714,742,462,3,1635.97,16.13
715,6,479,1,534.18,23.55
716,114,25,3,168.58,9.88
717,628,406,4,554.43,5.11
718,142,299,4,257.4,9.58
719,152,386,5,1777.84,28.98
720,424,327,4,1343.11,15.65
721,247,296,4,1329.31,29.29
722,330,396,4,467.14,7.91
723,304,365,1,718.96,25.07
724,249,338,2,1396.03,2.25
725,507,31,2,45.99,6.48
726,839,198,2,985.54,10.21
727,834,303,5,1037.58,9.4
728,968,160,4,1317.47,25.43
729,109,469,2,453.19,10.91
730,999,232,5,1036.66,23.4
731,193,36,3,857.73,20.59
732,975,446,5,1303.8,4.42
733,898,55,1,496.31,26.82
734,192,137,1,962.96,15.93
735,361,136,1,1855.32,2.52
736,442,109,2,805.92,12.93
737,342,28,4,559.73,2.93
738,665,196,4,403.98,5.68
739,181,305,3,1068.53,14.81
740,444,56,1,1299.76,28.77
741,225,59,1,1792.22,17.26
742,245,34,5,220.04,6.79
743,636,359,4,795.98,3.04
744,752,422,3,1000.44,5.13
745,209,178,3,1417.59,8.64
746,4,49,2,1016.42,21.01
747,489,379,3,1708.08,20.64
748,175,162,1,349.96,9.96
749,467,73,1,1338.74,12.84
750,22,91,3,1764.89,5.12
751,779,437,1,1196.13,29.09
752,598,1,4,1748.97,14.18
753,47,420,1,1143.19,29.71
754,856,117,5,1016.23,22.65
755,794,49,1,623.11,22.09
756,464,252,3,1979.79,7.72
757,499,130,3,928.33,24.83
758,309,364,3,1784.92,23.24
759,878,443,5,979.02,8.1
760,532,373,1,312.84,12.31
761,226,338,2,727.24,0.93
762,592,380,4,731.65,22.33
763,199,472,4,1284.69,28.96
764,899,321,5,1800.46,13.48
765,982,449,5,366.41,27.31
766,358,455,3,794.23,12.52
767,283,159,2,101.38,15.6
768,352,428,5,263.46,23.86
769,581,496,3,591.05,29.08
770,511,475,2,943.31,4.51
771,990,149,5,1125.12,4.88
772,499,148,1,1603.57,0.47
773,42,112,3,1654.43,3.7
774,501,157,1,872.04,19.81
775,1,26,3,292.68,26.36
776,805,440,5,1337.35,23.07
777,159,489,1,1432.13,4.28
778,751,101,4,1178.75,2.42
779,225,17,4,1867.21,7.46
780,695,327,4,856.68,29.01
781,101,458,3,1841.98,17.91
782,178,289,4,1364.27,9.67
783,593,72,2,515.04,12.49
784,205,155,3,189.48,17.0
785,644,237,5,383.08,23.47
786,854,224,1,294.45,13.26
787,321,258,3,947.39,12.83
788,431,493,4,933.34,27.38
789,28,491,4,195.09,4.22
790,929,155,2,1169.04,11.19
791,636,279,5,1758.05,1.61
792,866,202,2,817.83,0.18
793,827,391,5,931.24,1.63
794,57,139,1,680.3,2.92
795,298,290,4,1387.37,25.93
796,125,380,5,1355.34,22.18
797,55,360,2,1042.2,16.86
798,991,254,2,462.62,20.27
799,873,80,3,1263.91,21.57
800,960,4,4,1254.85,6.02
801,69,1,2,1215.51,3.63
802,100,127,2,225.14,0.74
803,518,228,4,130.19,3.65
804,415,248,2,1644.14,25.25
805,560,134,5,1369.01,25.78
806,632,64,4,309.57,0.65
807,146,420,2,358.14,22.25
808,560,103,4,971.32,8.68
809,103,492,5,996.07,20.03
810,401,198,1,938.65,24.4
811,152,15,3,925.02,16.93
812,12,298,3,87.49,19.51
813,673,318,4,104.41,27.21
814,986,72,4,1767.2,13.75
815,10,82,3,1011.26,25.83
816,216,179,5,793.44,1.88
817,672,78,3,1318.75,16.89
818,471,367,2,571.11,22.88
819,311,473,4,155.06,25.18
820,496,193,4,1219.57,5.41
821,726,475,5,1555.29,15.76
822,133,358,3,1185.93,17.42
823,599,317,4,153.79,0.89
824,751,82,2,211.15,3.19
825,957,348,4,660.85,6.95
826,791,414,2,228.75,26.42
827,746,457,4,1516.51,12.6
828,66,32,5,515.96,1.12
829,768,38,4,1531.44,18.2
830,861,16,2,655.9,20.96
831,387,69,5,1121.81,5.87
832,503,225,3,466.48,22.26
833,445,417,5,1621.17,5.77
834,597,13,1,423.01,24.3
835,915,3,3,1553.28,17.05
836,886,37,3,386.9,21.9
837,933,373,5,1002.43,24.97
838,585,424,4,1011.68,10.69
839,922,287,2,1607.16,13.17
840,641,193,1,1146.92,3.82
841,530,153,1,253.5,6.92
842,616,277,3,64.63,24.64
843,297,473,3,793.04,10.74
844,894,447,2,1936.87,2.24
845,590,124,5,1864.98,15.0
846,409,317,1,1100.96,26.75
847,597,242,3,1313.4,0.97
848,432,134,2,682.39,22.94
849,143,105,5,1637.19,9.89
850,776,340,1,486.52,2.19
851,971,289,5,1412.12,22.97
852,37,178,1,1900.82,17.94
853,628,476,1,1777.29,14.36
854,133,139,1,226.04,14.9
855,231,333,3,874.4,9.1
856,871,449,2,62.46,1.66
857,793,401,2,1077.69,25.81
858,699,351,1,1113.94,1.56
859,785,194,2,870.84,12.81
860,142,60,4,253.63,18.47
861,926,189,3,403.42,13.1
862,60,122,2,202.14,0.3
863,423,383,5,1144.74,29.73
864,16,448,2,1628.99,2.3
865,130,225,2,579.54,9.42
866,617,336,2,1996.22,3.89
867,408,246,1,1320.05,2.29
868,961,279,2,999.96,22.06
869,366,460,2,898.21,9.08
870,376,400,5,599.51,19.61
871,540,458,3,651.34,16.24
872,107,28,3,1802.84,21.17
873,637,249,3,175.32,27.36
874,862,500,5,476.46,22.26
875,216,63,3,1455.32,23.64
876,37,121,4,1306.82,13.61
877,117,11,4,1675.92,8.11
878,603,197,3,1657.81,2.53
879,286,438,5,780.19,0.57
880,392,197,4,107.94,6.17
881,189,338,4,1074.33,19.81
882,33,278,3,1875.7,27.3
883,773,458,3,1846.94,27.22
884,830,386,5,448.76,0.82
885,744,425,5,879.47,12.83
886,747,476,1,1618.65,16.6
887,976,370,3,1719.86,28.14
888,475,218,5,1444.06,23.07
889,267,84,4,945.32,29.78
890,244,68,1,575.79,20.48
891,281,44,2,1547.25,8.87
892,585,203,1,1238.78,10.85
893,676,129,5,44.43,9.21
894,677,165,3,1698.23,13.31
895,18,226,1,943.55,28.98
896,492,327,5,451.33,1.76
897,962,41,3,1796.15,16.54
898,977,33,4,376.01,22.98
899,283,133,4,271.9,18.91
900,151,447,5,1318.84,6.98
901,671,20,2,1375.19,25.82
902,594,163,1,1115.75,6.84
903,975,366,3,1951.06,0.48
904,866,440,3,1090.07,1.34
905,241,180,1,173.41,13.31
906,524,40,2,424.0,17.11
907,850,422,4,161.36,12.79
908,290,74,1,666.55,23.64
909,344,500,4,1796.84,11.24
910,966,499,3,1251.39,4.81
911,46,149,2,1825.51,0.77
912,624,109,3,1031.38,23.43
913,521,402,5,1431.42,28.2
914,388,426,5,84.55,21.79
915,391,391,1,1911.26,28.76
916,230,290,5,1995.67,18.91
917,752,215,5,1471.43,25.43
918,541,409,1,1222.06,19.78
919,533,226,3,552.98,25.08
920,301,467,2,670.8,23.97
921,371,119,4,643.34,29.17
922,710,124,4,1470.94,26.41
923,371,41,3,1129.71,2.29
924,371,335,4,1218.33,13.47
925,429,118,5,1659.09,29.6
926,948,276,2,1557.37,12.23
927,599,341,2,1218.98,23.88
928,350,161,1,181.38,12.63
929,152,295,4,1272.61,23.18
930,922,93,4,50.71,3.62
931,270,392,5,1428.54,14.1
932,104,65,1,1671.04,0.72
933,171,38,2,1039.5,15.88
934,398,463,4,721.65,12.07
935,571,124,3,255.68,26.92
936,920,173,5,1225.34,3.23
937,740,24,1,1482.72,10.65
938,460,467,4,1269.05,22.22
939,447,149,4,1406.23,22.0
940,742,393,5,1834.36,28.1
941,86,78,1,1195.24,11.1
942,665,233,4,654.47,5.3
943,740,302,3,1890.64,2.91
944,305,253,3,115.61,15.53
945,538,297,5,1691.25,12.8
946,331,197,3,1519.45,28.61
947,43,417,2,872.46,8.35
948,901,316,3,216.94,8.54
949,122,148,3,983.54,6.71
950,174,148,3,1977.84,22.6
951,947,119,3,299.19,6.21
952,859,261,2,74.15,27.08
953,983,457,5,1085.07,5.85
954,501,427,1,751.69,8.46
955,971,293,4,1469.54,15.63
956,851,233,3,1837.63,21.49
957,942,433,1,899.92,12.97
958,270,45,2,1986.29,21.95
959,120,496,3,1611.21,22.33
960,228,373,1,667.69,15.21
961,283,233,5,1350.72,2.22
962,705,162,1,878.09,27.97
963,814,267,3,396.99,16.75
964,858,450,1,1899.38,18.82
965,252,71,5,764.89,28.29
966,690,101,3,950.83,14.54
967,192,376,4,579.55,5.96
968,897,46,5,1717.17,22.48
969,4,223,1,991.57,18.34
970,728,92,1,847.96,7.89
971,390,324,5,484.74,10.46
972,544,337,2,1758.22,25.22
973,897,150,4,990.64,18.9
974,613,183,5,972.3,2.9
975,116,494,3,850.8,13.42
976,254,340,4,249.32,13.94
977,327,339,1,708.21,11.94
978,132,397,4,1683.44,25.92
979,616,211,2,77.35,8.04
980,221,456,4,140.39,23.15
981,268,346,3,834.23,24.27
982,436,205,3,1826.49,8.05
983,746,113,3,1279.81,1.37
984,459,210,2,1153.56,5.0
985,212,400,1,1896.8,18.4
986,338,67,5,1088.74,28.51
987,22,411,4,198.7,21.14
988,935,181,5,145.66,1.48
989,216,186,5,412.91,4.71
990,549,203,2,594.57,4.84
991,383,170,4,446.92,22.0
992,963,7,1,1694.05,22.65
993,540,53,5,807.92,14.55
994,161,145,3,68.0,18.95
995,705,127,1,559.47,3.71
996,803,194,4,279.76,22.22
997,277,442,1,171.52,15.14
998,721,391,4,59.91,22.28
999,555,310,2,209.2,17.65
1000,401,100,5,1721.42,23.54
1001,436,263,1,618.26,13.77
1002,103,136,5,953.37,8.74
1003,96,114,4,1130.77,14.5
1004,930,360,5,1023.06,11.47
1005,509,373,4,1903.89,22.88
1006,732,56,4,463.64,29.26
1007,407,395,2,905.23,14.3
1008,112,330,3,678.22,24.29
1009,1000,43,1,1130.55,6.23
1010,965,251,5,514.94,4.24
1011,632,430,4,1056.34,25.19
1012,779,120,1,1539.47,7.56
1013,319,380,3,1671.96,1.1
1014,706,290,5,824.94,0.17
1015,707,108,5,1593.5,16.37
1016,321,492,2,657.24,21.27
1017,527,285,1,1844.04,12.77
1018,80,193,2,1518.64,4.86
1019,767,63,2,410.79,26.09
1020,117,20,4,1000.47,18.78
1021,538,250,2,1503.01,16.41
1022,409,5,3,252.81,29.87
1023,738,473,3,1054.51,18.45
1024,381,289,2,300.2,15.7
1025,210,412,5,1904.95,11.14
1026,620,129,4,936.5,28.09
1027,950,383,2,345.19,21.45
1028,486,6,3,844.28,4.51
1029,69,3,3,1408.9,5.98
1030,97,276,4,675.45,1.83
1031,480,305,2,152.21,19.09
1032,905,116,3,1265.07,27.84
1033,282,146,4,1177.25,9.17
1034,640,393,4,1869.93,16.83
1035,657,338,2,173.4,4.57
1036,749,111,3,373.08,16.91
1037,130,409,5,1182.89,22.98
1038,339,295,5,1217.45,29.0
1039,755,447,5,1343.62,14.2
1040,173,2,2,1978.39,2.74
1041,823,315,2,303.8,14.26
1042,1,166,1,1793.99,1.57
1043,524,414,4,862.3,14.15
1044,310,257,1,496.73,11.8
1045,793,198,4,722.88,25.16
1046,325,272,1,1768.91,25.27
1047,979,86,3,1428.47,25.2
1048,574,227,4,1396.3,7.52
1049,124,286,4,1311.14,5.34
1050,887,188,4,1546.07,10.38
1051,435,110,5,1128.39,29.94
1052,962,98,4,760.93,28.0
1053,11,101,4,734.76,5.85
1054,601,159,3,206.33,11.07
1055,260,258,1,1221.41,1.01
1056,282,329,4,808.62,29.87
1057,722,130,3,1258.04,29.13
1058,844,16,4,1994.52,18.97
1059,503,89,4,1504.87,19.43
1060,559,414,1,95.62,0.87
1061,916,366,2,1417.17,5.31
1062,872,68,1,850.75,25.37
1063,58,228,1,642.19,25.74
1064,285,437,2,1317.11,22.12
1065,341,429,3,1797.52,5.08
1066,601,370,3,1042.35,28.22
1067,413,214,1,148.61,24.75
1068,514,76,3,186.26,13.3
1069,283,312,2,1383.66,12.28
1070,651,383,1,636.11,16.82
1071,121,175,4,1144.98,20.89
1072,580,477,4,194.56,27.54
1073,187,374,1,387.6,17.73
1074,989,11,2,1581.7,6.53
1075,384,236,1,1756.85,28.3
1076,316,429,2,1499.87,22.14
1077,318,28,4,1417.71,5.34
1078,144,290,3,839.69,25.06
1079,280,453,2,370.68,8.85
1080,715,226,3,202.98,10.65
1081,373,179,5,910.35,18.93
1082,852,88,1,1900.34,17.56
1083,160,276,5,437.11,21.07
1084,356,331,3,430.74,20.99
1085,516,283,3,199.7,23.2
1086,265,112,4,536.47,27.66
1087,530,338,2,960.92,14.02
1088,331,191,5,768.26,17.65
1089,35,166,1,1266.35,26.08
1090,9,82,4,961.48,10.1
1091,925,52,2,1828.03,9.19
1092,479,280,2,1509.05,13.17
1093,632,234,5,1160.41,13.05
1094,409,243,2,520.1,11.2
1095,346,248,4,614.34,29.12
1096,899,120,5,233.55,12.78
1097,276,489,5,813.49,0.86
1098,525,86,3,1775.46,28.96
1099,966,269,2,1903.96,17.04
1100,143,67,3,1581.37,1.61
1101,93,159,2,1606.95,13.76
1102,170,236,1,1324.05,6.01
1103,177,155,3,179.14,7.09
1104,209,224,1,1453.79,4.62
1105,569,433,3,29.79,4.78
1106,103,242,5,1379.84,20.96
1107,935,242,4,1666.07,21.19
1108,782,470,1,787.4,9.55
1109,958,69,4,1551.06,26.94
1110,840,346,4,1201.94,16.02
1111,356,251,5,73.25,26.57
1112,183,394,2,750.88,10.2
1113,843,1,5,1206.36,11.95
1114,80,331,2,293.4,5.64
1115,217,155,4,203.84,11.52
1116,185,218,2,584.23,11.6
1117,841,247,1,536.82,28.65
1118,184,84,4,1371.03,25.03
1119,477,413,1,705.65,21.98
1120,672,442,4,1611.03,0.37
1121,327,66,5,1023.8,20.59
1122,12,249,4,856.46,1.64
1123,436,133,1,1215.2,24.07
1124,462,258,3,1566.39,21.36
1125,865,274,3,241.11,5.37
1126,435,273,4,1743.22,2.4
1127,8,173,5,530.52,15.45
1128,630,373,4,881.08,13.94
1129,41,63,4,931.3,1.5
1130,614,352,3,519.61,10.12
1131,304,393,1,1094.64,5.36
1132,366,214,1,904.6,8.93
1133,37,306,1,727.34,1.1
1134,757,203,2,366.96,16.05
1135,130,373,2,1273.18,12.93
1136,282,177,4,1384.2,7.32
1137,846,463,5,1146.76,1.22
1138,335,191,1,310.57,29.31
1139,654,416,1,776.19,29.41
1140,81,173,3,856.61,0.67
1141,974,383,3,1448.76,22.28
1142,82,429,4,1931.02,23.81
1143,585,134,3,1238.85,16.17
1144,813,125,1,760.99,14.19
1145,779,479,4,564.08,20.67
1146,191,142,5,1349.45,18.14
1147,932,93,3,559.91,12.22
1148,20,401,4,1321.28,8.24
1149,474,307,3,212.35,6.74
1150,727,167,2,146.17,8.63
1151,730,312,4,1184.07,19.04
1152,337,278,4,961.69,16.73
1153,352,175,3,705.81,13.33
1154,474,438,4,437.06,20.93
1155,690,200,3,817.82,19.82
1156,586,496,1,1270.14,16.84
1157,354,43,2,1501.06,15.89
1158,312,150,3,913.97,14.02
1159,160,320,5,350.13,10.55
1160,442,213,1,1507.75,8.52
1161,762,252,2,763.06,16.13
1162,388,311,1,212.02,6.55
1163,114,293,3,373.67,4.77
1164,797,377,4,1109.14,10.56
1165,223,215,5,572.18,23.11
1166,646,55,3,1014.56,15.98
1167,231,440,4,999.77,13.92
1168,846,474,4,330.8,26.2
1169,410,148,1,1074.68,10.02
1170,476,336,2,1373.04,2.95
1171,595,335,4,1949.01,12.31
1172,652,15,5,463.9,18.29
1173,516,42,5,1149.76,12.26
1174,24,167,5,514.88,17.08
1175,484,351,1,1904.66,0.68
1176,616,453,4,1113.07,25.9
1177,871,468,2,926.38,21.69
1178,246,90,4,1875.54,27.64
1179,331,68,3,148.33,0.93
1180,592,237,4,505.19,18.1
1181,248,408,2,1946.15,15.01
1182,114,412,5,1678.99,26.16
1183,931,82,2,935.18,28.87
1184,8,384,1,1370.41,12.19
1185,533,241,4,159.32,12.51
1186,267,453,5,259.54,23.3
1187,663,274,1,888.27,24.83
1188,62,150,4,1660.05,21.75
1189,41,187,4,1438.92,15.35
1190,666,226,4,1579.1,3.11
1191,868,135,5,1512.08,3.35
1192,174,188,4,1319.94,4.26
1193,249,408,4,435.97,2.91
1194,658,356,1,927.32,21.27
1195,771,126,3,698.04,20.68
1196,339,404,4,1405.13,17.05
1197,609,19,2,313.09,8.65
1198,227,451,3,1135.81,21.41
1199,315,484,2,1143.93,9.14
1200,731,226,3,325.79,24.16
1201,132,76,5,598.82,11.53
1202,653,117,1,1704.82,17.5
1203,152,300,1,533.65,21.63
1204,764,446,5,823.57,18.55
1205,175,498,3,1294.83,17.61
1206,514,161,5,761.24,25.96
1207,497,332,2,1744.15,14.46
1208,496,460,4,48.18,28.41
1209,351,116,3,428.73,4.5
1210,624,399,1,1306.99,10.7
1211,471,292,1,1683.15,25.37
1212,802,404,5,1798.31,22.24
1213,373,341,1,809.01,2.97
1214,338,260,1,557.52,28.85
1215,867,380,5,1747.78,29.11
1216,58,229,5,1055.44,7.34
1217,817,379,2,1385.6,19.52
1218,251,117,4,371.31,29.38
1219,273,283,3,200.89,5.7
1220,851,470,1,1814.16,3.98
1221,311,32,2,470.62,17.57
1222,596,245,4,214.58,26.45
1223,53,164,1,408.92,3.49
1224,86,244,2,217.75,17.68
1225,613,250,3,1147.27,17.45
1226,882,464,1,1445.56,13.28
1227,659,100,5,1615.42,18.43
1228,468,1,3,1514.03,18.04
1229,505,324,2,670.71,14.5
1230,291,488,3,543.12,15.97
1231,350,141,5,1016.06,18.78
1232,115,388,2,985.41,9.58
1233,998,261,4,1001.66,5.36
1234,779,222,3,207.24,25.86
1235,351,327,5,1648.66,5.81
1236,112,391,2,442.17,15.05
1237,328,393,5,954.31,20.54
1238,950,313,2,1150.6,4.64
1239,161,99,4,1575.91,25.57
1240,625,340,2,664.85,15.49
1241,486,335,5,1581.72,23.39
1242,276,118,3,954.52,25.69
1243,311,190,2,626.34,21.8
1244,850,382,3,910.42,12.76
1245,403,391,4,31.23,28.2
1246,57,496,4,720.15,24.16
1247,999,234,3,58.57,21.13
1248,214,339,3,603.7,11.2
1249,330,219,4,664.86,16.8
1250,205,409,2,1242.76,13.2
1251,281,55,1,501.41,9.76
1252,492,483,5,950.35,29.13
1253,48,400,4,1381.85,27.27
1254,499,128,3,1974.12,17.58
1255,61,52,1,1286.46,8.28
1256,379,225,3,239.84,4.03
1257,768,38,3,1954.81,21.97
1258,845,78,2,1187.82,17.22
1259,576,46,4,505.55,17.18
1260,782,339,3,1122.22,24.52
1261,707,12,2,1548.76,2.04
1262,805,359,3,1915.26,10.84
1263,792,229,2,384.6,14.05
1264,472,186,3,413.99,29.14
1265,266,131,5,1500.35,0.69
1266,123,329,4,866.12,24.18
1267,818,25,5,139.37,29.69
1268,383,9,5,885.67,0.96
1269,517,448,3,1584.47,14.76
1270,589,171,1,1474.18,16.96
1271,998,286,1,1072.89,23.96
1272,867,436,1,1156.37,14.05
1273,666,98,1,1538.89,12.93
1274,284,239,4,1780.92,29.83
1275,156,334,3,164.59,19.44
1276,348,233,5,1566.6,22.18
1277,972,222,1,814.9,8.81
1278,639,425,4,57.37,6.76
1279,438,78,3,1714.04,17.53
1280,787,168,5,926.35,19.96
1281,789,421,5,1852.21,26.8
1282,733,445,5,322.16,23.19
1283,212,158,2,219.78,16.0
1284,968,433,1,1563.34,16.2
1285,978,36,3,1743.7,27.85
1286,674,107,2,619.8,12.73
1287,278,120,2,1549.24,0.82
1288,899,461,4,263.76,28.44
1289,27,228,2,773.22,13.4
1290,409,102,2,1546.55,17.71
1291,128,48,2,1023.27,17.35
1292,529,63,2,1518.08,3.61
1293,501,380,5,729.61,29.86
1294,426,98,2,1970.6,23.99
1295,369,245,3,1027.3,28.35
1296,17,4,4,1610.76,12.01
1297,879,52,3,733.58,9.3
1298,67,223,3,474.13,21.04
1299,667,330,4,1754.36,0.48
1300,988,141,3,109.83,25.42
1301,182,290,1,273.34,4.67
1302,712,241,1,141.14,24.07
1303,888,379,3,755.97,12.45
1304,162,215,2,365.78,15.56
1305,156,380,2,742.83,27.75
1306,806,84,1,1005.16,9.18
1307,641,192,3,1251.39,0.85
1308,27,170,1,1779.86,1.03
1309,893,74,4,112.07,11.31
1310,613,370,5,356.09,3.0
1311,358,460,2,202.41,29.65
1312,116,496,4,939.58,12.45
1313,920,275,4,286.12,18.1
1314,653,1,3,962.96,26.99
1315,264,66,3,1319.62,10.97
1316,629,343,1,966.02,22.46
1317,873,293,2,269.15,15.44
1318,825,483,2,466.59,2.47
1319,98,368,4,578.95,18.45
1320,256,116,3,385.56,19.78
1321,337,364,4,1343.35,15.6
1322,592,453,3,1524.59,3.95
1323,433,192,2,1167.15,28.04
1324,36,383,4,1271.12,23.83
1325,187,8,2,1276.57,25.06
1326,244,83,4,658.61,17.16
1327,496,440,3,391.74,26.09
1328,995,296,4,915.17,6.45
1329,637,135,5,890.93,22.35
1330,672,394,5,1849.29,10.12
1331,914,96,3,695.15,26.16
1332,791,282,4,1333.23,20.04
1333,351,391,5,540.47,23.46
1334,437,329,1,1930.21,3.79
1335,233,500,4,1663.55,3.61
1336,730,152,2,1749.15,9.21
1337,447,284,1,1933.26,29.15
1338,187,204,5,405.86,25.2
1339,228,398,1,413.38,22.34
1340,539,308,2,1134.51,15.92
1341,49,410,5,738.06,6.91
1342,970,272,2,761.45,3.0
1343,170,326,5,467.99,27.92
1344,734,78,5,1885.54,18.29
1345,879,104,3,116.85,29.07
1346,411,152,4,1803.89,29.16
1347,916,244,4,657.4,21.65
1348,308,1,1,517.63,16.67
1349,320,107,5,1196.09,2.0
1350,774,211,2,304.71,24.67
1351,783,498,2,794.65,4.78
1352,430,201,5,402.88,25.03
1353,73,116,3,298.07,12.04
1354,744,379,5,1889.8,4.56
1355,455,73,3,1525.96,0.32
1356,121,267,3,1058.0,23.15
1357,613,242,2,1327.63,8.96
1358,128,278,5,919.65,2.11
1359,773,467,3,1752.97,28.48
1360,42,196,3,243.42,14.0
1361,600,87,4,1521.75,6.74
1362,106,46,5,1920.27,25.95
1363,248,446,4,1676.68,28.9
1364,432,30,1,1733.03,8.41
1365,742,376,3,1811.37,19.21
1366,337,215,3,1966.51,2.49
1367,104,366,4,500.63,14.85
1368,606,223,3,225.85,23.43
1369,726,250,5,1221.15,16.97
1370,622,266,4,103.36,3.23
1371,859,407,1,1159.74,3.52
1372,783,123,3,1168.64,21.28
1373,619,216,4,1442.21,1.2
1374,663,404,4,1707.42,17.2
1375,536,20,4,1630.06,18.84
1376,797,222,1,447.76,5.42
1377,646,485,3,215.63,27.62
1378,822,15,4,1701.87,7.61
1379,839,350,3,717.71,28.97
1380,284,229,1,662.53,20.97
1381,651,135,2,434.57,23.12
1382,561,332,3,1486.6,22.6
1383,800,418,2,1692.55,25.7
1384,342,181,5,1085.7,24.15
1385,990,117,3,1660.79,3.04
1386,740,47,4,639.59,14.92
1387,191,388,4,420.26,25.68
1388,498,180,3,1615.68,26.87
1389,773,82,2,659.06,3.34
1390,596,159,5,1406.45,16.81
1391,775,287,5,372.26,18.55
1392,78,102,1,199.27,17.94
1393,898,340,4,1707.37,4.37
1394,349,273,3,805.58,27.64
1395,107,433,3,1234.57,29.12
1396,332,116,4,1655.75,7.38
1397,159,342,3,72.19,6.73
1398,712,113,2,1752.77,13.21
1399,832,111,2,44.59,7.31
1400,22,440,5,976.88,13.17
1401,570,283,5,400.63,5.58
1402,532,298,4,1261.97,26.66
1403,397,383,3,1419.36,29.46
1404,823,411,3,874.0,10.94
1405,948,480,2,653.91,10.71
1406,982,355,2,656.89,24.82
1407,720,127,5,1166.34,2.9
1408,940,402,5,1422.54,16.06
1409,108,414,5,471.09,10.45
1410,719,331,5,1645.73,6.72
1411,276,295,1,931.27,13.14
1412,606,224,1,1907.26,5.14
1413,574,230,5,1307.55,26.88
1414,489,445,2,146.28,10.63
1415,978,369,3,1148.11,28.42
1416,746,15,5,991.8,21.13
1417,966,69,4,446.1,13.56
1418,552,357,3,674.46,17.1
1419,897,261,4,305.58,16.19
1420,698,301,3,1728.21,29.13
1421,55,365,3,1183.15,23.24
1422,73,315,1,1068.95,21.91
1423,751,100,2,1959.97,23.21
1424,184,428,2,78.39,27.86
1425,747,62,3,196.43,28.38
1426,588,359,4,1613.73,11.44
1427,486,71,3,382.32,9.34
1428,182,363,4,1760.55,14.99
1429,189,134,4,417.2,10.54
1430,663,325,1,692.65,22.55
1431,537,132,1,1761.02,1.83
1432,571,31,3,209.07,0.05
1433,542,7,1,667.18,9.19
1434,820,464,5,1135.46,25.78
1435,979,89,2,1280.23,14.95
1436,549,112,3,211.99,20.5
1437,159,308,3,1156.49,26.74
1438,724,434,2,1024.51,24.43
1439,456,16,5,96.77,16.13
1440,982,407,1,1618.27,9.35
1441,299,56,3,1372.4,17.7
1442,172,461,1,1005.35,18.11
1443,628,472,3,1876.88,27.86
1444,562,426,4,1572.44,28.32
1445,685,284,1,689.92,10.97
1446,246,492,4,392.91,12.13
1447,367,31,4,1625.6,27.29
1448,725,387,5,215.59,15.6
1449,680,336,3,1825.5,16.89
1450,720,273,5,800.49,16.39
1451,206,145,3,288.24,22.91
1452,300,484,4,820.39,11.31
1453,503,13,4,226.55,16.84
1454,625,200,3,1005.28,23.59
1455,295,395,1,1064.55,1.25
1456,970,46,3,1786.34,22.44
1457,585,278,2,1289.05,22.18
1458,548,15,1,1934.2,11.55
1459,361,494,5,123.82,24.76
1460,895,223,5,1057.49,5.35
1461,380,349,1,1823.11,2.96
1462,973,96,2,1430.57,2.19
1463,209,254,2,1150.87,18.39
1464,47,473,4,427.94,20.68
1465,947,149,1,1810.7,19.79
1466,938,426,3,1969.12,29.61
1467,847,117,3,1836.82,12.06
1468,160,73,5,507.42,20.06
1469,904,473,4,1367.18,21.31
1470,924,321,3,425.66,26.36
1471,755,468,3,830.22,0.31
1472,844,212,4,570.61,27.03
1473,837,399,4,521.78,0.31
1474,710,203,1,1398.08,13.47
1475,679,354,2,159.64,3.43
1476,163,462,4,151.67,16.11
1477,172,484,3,1911.53,21.45
1478,712,204,3,1081.79,8.54
1479,584,134,1,1526.76,11.85
1480,907,453,2,1901.41,16.64
1481,510,103,2,1046.09,1.07
1482,491,56,1,472.72,24.99
1483,189,43,1,498.67,18.46
1484,449,379,2,895.21,23.07
1485,679,479,5,1538.24,5.67
1486,216,372,3,106.64,0.43
1487,157,175,3,1845.24,10.5
1488,206,462,1,794.8,4.59
1489,299,259,1,465.97,18.82
1490,344,337,4,70.11,13.22
1491,864,126,5,1066.54,16.71
1492,147,281,3,132.29,20.54
1493,420,266,5,54.57,21.61
1494,742,478,3,753.34,4.3
1495,107,351,2,31.69,0.1
1496,60,417,4,1542.02,3.59
1497,230,391,1,1136.0,2.22
1498,665,422,4,1875.68,19.34
1499,290,352,5,785.8,27.31
1500,244,350,4,1232.96,10.35
1501,652,233,4,1840.46,4.59
1502,550,451,3,463.2,8.61
1503,749,90,4,1998.3,26.46
1504,377,379,1,874.84,9.0
1505,44,236,4,1427.16,16.24
1506,233,206,2,1683.47,10.59
1507,965,208,4,1769.57,13.82
1508,464,228,4,937.76,10.13
1509,682,205,2,1452.15,6.18
1510,223,365,2,1145.41,28.44
1511,747,338,5,739.56,13.9
1512,884,392,4,762.14,9.21
1513,403,73,4,235.13,19.57
1514,308,464,5,835.99,5.98
1515,346,283,2,1326.11,28.11
1516,443,93,4,67.19,6.19
1517,582,342,2,561.17,22.38
1518,577,394,2,1289.65,17.25
1519,821,102,2,834.35,14.06
1520,889,379,2,1529.99,14.6
1521,626,478,5,1070.56,18.84
1522,37,347,1,1578.19,2.57
1523,9,472,1,676.39,2.7
1524,954,462,3,421.95,4.52
1525,219,158,1,738.62,27.28
1526,598,464,4,960.67,21.11
1527,297,156,1,1608.63,4.79
1528,902,78,2,842.07,15.97
1529,634,210,2,1132.09,18.86
1530,717,144,2,1952.73,19.92
1531,151,466,4,212.2,1.18
1532,902,196,4,771.15,5.11
1533,21,301,3,1863.27,17.55
1534,187,230,1,1941.19,28.4
1535,581,177,3,1975.87,26.59
1536,71,91,2,1255.58,20.32
1537,939,77,1,1985.94,23.73
1538,685,101,3,598.85,23.78
1539,806,43,3,1213.57,23.98
1540,17,319,5,847.12,5.07
1541,872,130,2,1036.58,29.46
1542,926,469,1,989.43,27.17
1543,54,333,2,1407.02,7.89
1544,444,173,1,560.22,29.85
1545,673,235,1,679.18,0.94
1546,893,475,5,41.14,17.21
1547,310,195,2,1810.98,11.4
1548,37,356,3,1399.78,10.07
1549,823,263,4,826.25,10.26
1550,966,178,3,1113.72,14.66
1551,274,43,4,1839.18,2.54
1552,683,468,3,1725.73,26.87
1553,24,416,2,1616.33,3.21
1554,77,91,3,148.62,17.16
1555,243,399,1,1730.11,0.29
1556,14,378,3,1742.92,18.52
1557,160,299,4,1269.39,9.93
1558,681,55,5,261.52,21.12
1559,205,471,1,387.44,21.55
1560,94,2,4,1587.35,6.99
1561,52,368,1,786.06,18.76
1562,198,244,2,1422.31,14.86
1563,724,96,4,590.37,20.28
1564,886,441,1,896.18,15.23
1565,82,91,2,541.26,26.35
1566,590,499,2,1405.93,21.09
1567,78,97,2,1700.26,22.69
1568,234,84,4,1277.89,17.77
1569,616,212,5,1288.38,6.55
1570,257,423,3,1476.18,15.92
1571,671,456,3,577.27,4.84
1572,64,33,4,701.56,21.99
1573,635,387,4,178.3,22.93
1574,734,229,1,1954.79,20.24
1575,327,302,3,1402.19,18.17
1576,983,34,5,539.63,25.19
1577,462,184,4,753.48,9.01
1578,501,161,5,1998.21,5.71
1579,602,88,1,1387.91,12.29
1580,902,237,3,1848.42,25.39
1581,996,207,4,1739.99,13.93
1582,157,73,4,850.8,0.73
1583,143,404,3,775.29,26.11
1584,153,205,3,47.62,23.74
1585,678,464,2,319.06,28.38
1586,223,49,1,794.76,4.5
1587,346,102,1,1004.7,4.75
1588,850,490,5,569.79,5.7
1589,622,371,4,877.06,28.42
1590,164,250,1,719.67,3.18
1591,976,166,4,1223.48,4.24
1592,532,483,4,1611.17,12.49
1593,14,490,3,1270.39,10.16
1594,319,351,5,869.41,3.66
1595,133,272,3,695.37,11.2
1596,706,443,2,751.74,29.11
1597,65,10,4,752.62,7.38
1598,968,168,2,1822.09,27.08
1599,650,469,4,1577.88,16.65
1600,592,407,3,1402.69,27.06
1601,989,165,5,1942.85,6.87
1602,608,313,2,1630.38,7.47
1603,577,241,1,640.65,26.42
1604,394,385,2,1254.74,2.44
1605,503,237,5,1802.85,28.41
1606,746,137,1,909.98,23.32
1607,811,395,3,1429.58,10.91
1608,797,31,4,508.24,18.99
1609,336,183,5,975.46,4.38
1610,280,490,3,979.7,9.43
1611,905,275,2,1651.79,19.38
1612,981,473,5,1218.06,8.87
1613,63,377,2,1056.53,15.12
1614,255,405,4,857.52,24.56
1615,12,153,3,424.4,8.88
1616,30,334,4,175.85,13.95
1617,932,76,4,1259.26,16.66
1618,609,228,3,233.33,8.21
1619,283,102,5,917.6,4.89
1620,132,166,1,265.35,26.03
1621,566,245,3,300.67,24.95
1622,385,282,1,1265.2,19.39
1623,406,92,3,1233.9,22.82
1624,660,145,3,1139.92,17.06
1625,905,262,1,1451.1,21.41
1626,509,33,1,297.02,3.07
1627,168,482,2,201.88,10.81
1628,366,174,1,837.03,22.53
1629,505,206,5,143.06,12.49
1630,809,203,2,1105.23,2.68
1631,213,230,2,248.19,27.34
1632,268,117,2,131.9,20.51
1633,25,27,2,967.81,1.27
1634,777,120,2,1909.75,4.13
1635,328,166,4,1516.81,20.11
1636,20,262,3,994.61,20.09
1637,714,213,5,154.56,6.0
1638,37,107,2,1173.82,0.21
1639,719,42,5,1765.66,15.27
1640,849,85,4,441.3,16.09
1641,938,322,5,577.21,16.69
1642,524,199,2,1672.95,22.63
1643,263,172,2,667.58,7.81
1644,123,334,3,914.27,13.37
1645,991,334,5,1544.63,6.14
1646,116,22,4,1613.18,22.28
1647,896,106,2,1524.32,22.07
1648,306,427,2,1775.57,24.54
1649,370,238,1,1302.7,6.89
1650,912,453,3,449.28,0.71
1651,13,111,2,1723.51,6.19
1652,970,369,4,1445.54,13.74
1653,401,309,2,1843.22,14.41
1654,612,147,2,173.79,3.22
1655,1,437,1,1246.17,25.71
1656,970,141,1,620.82,11.44
1657,582,493,2,212.52,11.04
1658,662,98,4,1488.86,11.18
1659,287,214,1,608.99,1.05
1660,123,155,2,540.2,27.9
1661,909,410,2,258.24,19.1
1662,976,350,1,1762.98,27.96
1663,179,8,1,190.47,7.04
1664,891,454,5,1395.94,8.19
1665,24,360,5,969.86,21.94
1666,157,111,1,807.13,11.32
1667,39,255,4,1664.29,12.37
1668,997,7,5,1796.87,19.7
1669,983,395,3,1425.61,21.57
1670,208,411,3,68.34,8.16
1671,893,97,2,1385.56,24.31
1672,666,23,5,1674.08,13.06
1673,975,360,4,1588.09,21.47
1674,761,25,3,740.79,17.94
1675,468,421,4,1098.29,11.2
1676,924,191,5,1090.72,9.62
1677,655,178,4,364.45,12.05
1678,479,178,3,312.31,20.18
1679,911,254,5,827.5,28.84
1680,89,309,3,1771.85,9.98
1681,368,331,4,912.52,16.18
1682,697,85,1,700.04,27.55
1683,641,75,5,696.47,18.98
1684,763,82,5,296.25,24.49
1685,211,423,4,181.85,12.57
1686,115,257,5,103.12,3.11
1687,5,131,5,1335.98,4.94
1688,233,351,3,988.58,9.76
1689,857,409,3,1105.93,11.85
1690,673,420,4,453.76,10.53
1691,418,353,1,467.11,19.32
1692,160,428,2,1438.08,26.8
1693,993,259,1,1000.5,27.48
1694,712,487,3,498.83,12.18
1695,846,108,5,1283.73,28.55
1696,196,13,1,81.57,3.63
1697,191,424,1,152.7,13.58
1698,122,217,3,1329.94,0.32
1699,612,154,3,787.74,6.25
1700,439,318,5,1840.72,19.06
1701,608,22,4,1954.49,15.0
1702,360,16,3,1407.25,25.84
1703,393,386,5,1544.18,12.68
1704,602,318,3,1899.26,20.55
1705,28,195,1,1926.28,22.77
1706,89,244,3,1096.6,2.49
1707,742,426,1,920.28,22.47
1708,248,310,4,88.0,9.29
1709,796,361,4,448.78,12.32
1710,11,351,2,1194.99,20.26
1711,29,479,5,899.97,15.06
1712,475,141,5,788.59,27.75
1713,670,371,1,521.34,3.53
1714,530,252,2,1806.48,8.8
1715,167,21,3,1210.22,12.8
1716,704,80,1,414.26,14.59
1717,6,199,2,1549.48,1.32
1718,188,115,3,1733.82,17.51
1719,506,118,4,1620.67,28.44
1720,119,52,2,295.63,22.21
1721,970,310,5,66.88,14.88
1722,814,358,4,60.66,15.76
1723,711,189,5,230.53,14.21
1724,286,224,5,1410.05,2.01
1725,90,135,3,959.76,15.21
1726,250,465,2,259.6,4.86
1727,585,96,2,903.28,29.9
1728,383,286,3,966.2,29.13
1729,673,95,5,838.25,16.79
1730,238,104,2,614.68,22.4
1731,401,6,3,138.79,23.64
1732,116,269,3,1179.43,0.27
1733,902,416,2,652.67,7.31
1734,492,411,2,393.56,14.24
1735,491,110,1,361.39,16.59
1736,643,278,1,309.3,3.81
1737,523,75,1,965.82,29.7
1738,75,290,2,509.19,22.6
1739,860,321,3,1876.46,24.84
1740,417,31,4,104.96,9.61
1741,405,15,2,1349.88,27.92
1742,401,231,5,1676.02,6.74
1743,930,66,4,1237.49,23.71
1744,911,209,2,497.85,15.64
1745,510,396,1,876.83,0.93
1746,68,288,1,1414.86,23.31
1747,792,329,1,751.65,11.8
1748,476,333,3,620.92,16.06
1749,335,471,3,1713.65,14.1
1750,500,198,5,1396.59,27.7
1751,620,307,5,291.79,10.11
1752,709,251,3,1074.82,18.49
1753,65,129,3,1869.64,26.24
1754,609,263,2,639.84,27.17
1755,929,123,5,398.71,29.17
1756,197,423,3,1044.99,12.35
1757,271,307,4,1345.98,5.65
1758,628,456,2,1608.44,20.65
1759,195,352,3,1430.99,16.59
1760,210,409,4,1171.86,5.2
1761,742,371,3,1284.42,6.17
1762,809,325,3,382.49,19.42
1763,509,192,2,795.43,21.51
1764,955,291,4,1084.07,4.39
1765,621,37,3,266.37,11.3
1766,564,202,1,151.76,24.36
1767,261,476,4,920.43,29.73
1768,598,421,3,1032.01,12.61
1769,273,27,4,1263.66,14.69
1770,111,244,4,786.03,3.58
1771,186,63,3,1525.05,29.83
1772,43,434,1,569.16,16.45
1773,275,66,1,1852.98,20.6
1774,210,21,5,138.56,3.34
1775,640,369,3,582.69,7.22
1776,226,317,5,1149.82,8.0
1777,566,182,2,320.37,16.61
1778,325,391,2,360.25,28.99
1779,393,105,5,1240.27,28.63
1780,94,293,5,1957.77,8.09
1781,498,64,1,507.46,12.19
1782,248,236,5,347.97,5.21
1783,226,144,1,26.27,20.13
1784,446,297,5,1702.19,13.38
1785,238,52,1,828.9,13.32
1786,154,379,4,1704.16,22.52
1787,24,278,3,426.15,20.2
1788,448,405,5,697.73,0.62
1789,520,316,4,1679.67,18.2
1790,382,74,1,1209.89,20.97
1791,387,87,4,430.12,9.43
1792,415,141,2,1435.57,26.95
1793,389,308,4,1922.1,20.59
1794,577,125,1,915.45,24.0
1795,399,293,3,731.85,0.61
1796,447,371,4,1820.19,2.68
1797,262,179,2,552.86,27.35
1798,267,246,2,353.71,25.61
1799,661,265,5,1071.25,5.87
1800,38,196,3,115.0,6.86
1801,725,469,2,202.91,20.86
1802,52,129,1,1060.0,7.65
1803,153,151,2,1719.83,8.36
1804,938,96,2,830.74,5.0
1805,69,119,1,1249.47,17.18
1806,802,402,2,590.72,14.11
1807,434,459,2,487.77,24.23
1808,201,309,1,153.42,3.05
1809,837,401,2,1077.23,23.37
1810,567,390,3,1451.95,4.58
1811,955,96,2,1578.08,9.76
1812,176,393,3,1036.23,0.62
1813,517,459,1,799.74,5.01
1814,481,80,2,499.01,18.27
1815,377,294,3,935.56,13.65
1816,728,57,2,340.93,18.18
1817,44,35,4,289.09,8.62
1818,542,410,4,1361.5,11.85
1819,555,372,4,1779.81,14.0
1820,663,483,5,720.79,18.17
1821,736,429,4,1508.23,15.7
1822,418,86,5,1718.7,3.79
1823,38,106,1,1207.6,11.03
1824,306,60,5,1810.25,11.48
1825,307,192,1,642.8,5.96
1826,17,111,4,1554.64,22.51
1827,461,443,5,1585.24,22.48
1828,665,407,3,804.79,4.27
1829,923,117,4,520.78,11.98
1830,730,239,3,1767.12,13.9
1831,426,492,1,505.82,4.37
1832,656,473,1,604.93,1.59
1833,477,466,4,1776.35,26.16
1834,80,307,3,722.45,15.38
1835,489,21,4,154.16,9.94
1836,318,473,5,348.57,29.76
1837,150,382,5,553.83,0.74
1838,224,323,5,755.11,13.45
1839,343,409,5,931.38,18.65
1840,292,189,1,1606.42,17.57
1841,905,225,4,878.15,15.42
1842,683,400,5,1462.76,16.99
1843,69,496,2,1867.24,11.34
1844,677,366,4,1468.27,19.06
1845,148,73,2,204.52,11.52
1846,404,113,1,107.15,0.36
1847,137,100,4,1147.2,12.53
1848,846,453,2,865.28,17.05
1849,939,108,1,1982.23,4.9
1850,39,136,4,1578.28,6.57
1851,938,85,4,246.19,20.08
1852,832,461,3,1241.26,29.38
1853,872,241,3,1162.55,16.44
1854,923,417,3,1270.42,9.8
1855,160,342,5,1049.7,8.37
1856,609,399,2,467.87,0.67
1857,495,140,3,1881.08,9.02
1858,997,371,4,121.55,17.75
1859,821,442,3,230.86,4.44
1860,229,433,2,1763.88,7.46
1861,927,79,1,1400.82,15.18
1862,423,381,4,850.2,9.94
1863,84,125,2,1253.66,28.45
1864,679,34,3,1853.73,1.71
1865,416,418,4,325.01,14.2
1866,32,171,3,254.09,7.07
1867,901,252,4,1185.08,12.16
1868,870,121,3,501.61,24.14
1869,345,82,5,667.74,11.31
1870,85,52,1,182.97,22.12
1871,154,277,4,995.44,2.77
1872,994,407,2,1983.84,0.06
1873,182,17,2,597.02,25.31
1874,696,352,3,1338.8,2.63
1875,170,458,3,673.68,1.17
1876,597,43,1,1236.44,24.64
1877,197,405,2,1796.17,24.73
1878,503,56,3,1194.87,18.46
1879,539,37,5,583.2,1.95
1880,621,437,3,331.64,23.28
1881,528,50,4,1220.84,20.67
1882,33,202,3,1336.72,20.85
1883,830,232,3,1904.38,9.19
1884,670,362,4,847.58,27.91
1885,814,434,3,1339.19,6.32
1886,473,77,2,92.86,1.76
1887,897,61,2,233.2,13.47
1888,153,371,1,579.3,9.98
1889,328,297,2,1442.91,13.06
1890,126,477,5,1464.17,9.08
1891,727,108,4,1319.24,10.93
1892,401,99,3,150.79,0.94
1893,874,412,3,791.33,24.38
1894,475,338,4,1571.78,25.88
1895,461,69,3,1495.66,21.22
1896,675,162,5,1738.91,5.52
1897,891,402,2,1909.49,12.47
1898,499,449,3,313.37,26.53
1899,246,263,5,1000.81,8.34
1900,208,370,2,847.38,23.13
1901,647,185,3,1604.41,11.19
1902,3,54,4,1547.7,29.08
1903,207,109,2,678.39,19.76
1904,755,381,5,561.42,11.72
1905,542,303,5,1854.62,5.9
1906,789,487,1,920.81,21.57
1907,561,149,5,1993.64,13.69
1908,292,171,1,826.53,18.81
1909,811,33,4,1662.51,12.52
1910,475,469,5,1152.36,27.69
1911,855,303,2,909.56,9.01
1912,668,437,1,1637.14,20.05
1913,594,131,4,545.42,15.92
1914,42,114,4,493.18,0.07
1915,49,491,1,1608.73,8.21
1916,834,461,5,1881.04,0.49
1917,890,488,3,1542.42,19.9
1918,509,298,2,1077.5,16.57
1919,799,60,2,1852.75,11.67
1920,744,169,2,1099.23,6.01
1921,702,220,1,670.97,7.37
1922,492,11,1,277.16,22.48
1923,265,87,3,1350.19,12.47
1924,928,219,2,1463.74,10.84
1925,784,478,3,632.79,16.27
1926,562,328,1,170.93,4.67
1927,125,437,1,1908.1,1.98
1928,789,407,3,1930.98,3.4
1929,463,173,1,1010.92,25.06
1930,548,239,5,261.75,20.04
1931,285,403,1,725.39,2.76
1932,181,199,2,1099.7,7.51
1933,19,467,5,1612.66,23.8
1934,89,33,2,308.71,4.81
1935,835,354,5,404.46,29.73
1936,776,324,3,78.98,25.61
1937,812,388,4,225.07,15.37
1938,832,207,2,351.7,18.63
1939,496,397,5,1500.51,2.01
1940,763,117,4,1123.77,13.74
1941,330,329,3,414.24,1.26
1942,464,97,1,1150.46,0.51
1943,681,479,3,1304.46,12.47
1944,858,4,3,1726.77,2.56
1945,864,50,5,1050.62,22.98
1946,608,70,4,998.8,29.88
1947,744,390,3,257.11,24.32
1948,806,428,3,507.15,16.11
1949,436,151,1,1720.14,1.65
1950,308,341,2,1397.9,24.47
1951,157,144,3,1702.48,29.44
1952,999,272,3,168.72,9.25
1953,308,209,1,71.77,8.55
1954,190,365,1,1741.62,27.94
1955,618,307,1,737.81,2.85
1956,271,394,3,650.26,3.71
1957,591,109,5,1604.74,6.95
1958,284,160,5,1514.58,27.39
1959,82,416,5,1871.71,26.11
1960,560,153,5,1322.64,3.01
1961,414,386,1,637.55,26.34
1962,96,337,3,552.72,1.56
1963,71,49,5,27.94,26.74
1964,44,241,3,823.86,3.21
1965,163,303,5,1792.15,7.43
1966,343,87,2,1304.0,17.07
1967,888,54,1,951.23,21.86
1968,130,87,5,492.4,12.24
1969,698,268,3,1161.85,21.9
1970,863,97,4,1104.18,1.78
1971,217,314,4,401.09,15.83
1972,353,70,4,1947.97,12.35
1973,593,148,3,513.08,25.68
1974,128,362,4,524.9,18.16
1975,2,59,4,1189.66,22.4
1976,708,66,5,385.03,19.22
1977,123,496,2,282.25,1.21
1978,256,382,1,1467.88,20.52
1979,137,495,2,567.57,3.38
1980,3,334,2,1440.13,24.9
1981,15,212,1,695.89,13.41
1982,151,371,1,1740.23,9.75
1983,421,194,5,1367.02,13.3
1984,207,440,2,429.43,10.6
1985,891,341,2,990.03,28.47
1986,448,26,3,26.05,13.91
1987,63,401,1,1501.68,15.73
1988,209,212,1,1764.99,4.22
1989,287,91,4,1542.73,14.2
1990,781,272,1,1181.24,10.44
1991,660,115,4,417.83,25.92
1992,860,245,4,553.89,14.41
1993,449,464,2,53.95,7.03
1994,498,197,2,1973.26,16.55
1995,658,479,2,237.45,21.64
1996,535,131,1,558.19,19.75
1997,819,159,4,60.19,17.01
1998,907,55,2,1799.58,7.56
1999,251,388,5,1714.58,17.23
2000,947,272,2,1262.49,29.32
2001,4,77,1,668.21,20.69
2002,568,215,5,695.77,14.43
2003,192,56,3,1447.34,12.75
2004,713,412,3,1180.66,18.87
2005,686,432,5,1139.13,10.71
2006,390,242,5,408.61,7.35
2007,47,440,3,726.62,22.77
2008,546,171,4,470.6,28.73
2009,17,354,1,224.32,26.88
2010,237,211,1,425.82,12.37
2011,757,38,1,1368.3,29.28
2012,452,368,2,457.05,6.44
2013,380,50,1,527.78,27.55
2014,419,62,3,1293.18,26.69
2015,915,108,1,694.81,7.1
2016,122,48,3,1586.38,16.11
2017,645,481,2,107.46,20.67
2018,555,86,1,1853.93,14.69
2019,222,408,4,1777.19,3.0
2020,516,299,2,1851.13,8.33
2021,438,357,3,1870.62,22.6
2022,570,357,2,73.26,2.93
2023,643,293,1,1341.25,5.78
2024,843,81,2,1480.2,21.97
2025,201,424,2,411.34,8.85
2026,63,339,4,466.74,4.04
2027,121,372,2,745.95,22.7
2028,780,154,4,324.78,1.9
2029,923,82,4,768.61,5.14
2030,36,273,2,1375.19,26.79
2031,112,44,2,439.33,4.61
2032,112,223,2,1405.38,4.99
2033,731,267,5,1769.98,15.93
2034,923,478,5,1799.97,27.51
2035,338,454,4,331.65,29.92
2036,546,339,5,446.86,13.47
2037,177,313,4,572.77,7.81
2038,220,475,1,408.61,8.87
2039,792,275,4,1855.95,26.24
2040,119,408,2,1803.65,6.89
2041,718,274,1,1128.93,11.84
2042,666,298,2,124.61,5.39
2043,897,119,2,496.16,1.52
2044,879,311,5,1771.15,7.24
2045,566,43,3,1059.65,2.81
2046,268,171,5,289.64,5.35
2047,438,252,2,296.63,23.7
2048,716,326,1,1045.55,18.75
2049,74,217,5,178.71,22.8
2050,472,85,3,1985.65,10.13
2051,34,392,1,1564.49,23.26
2052,708,13,1,185.59,4.95
2053,761,414,5,180.51,20.64
2054,493,488,1,889.18,26.83
2055,664,191,1,1579.18,22.45
2056,620,14,2,1977.04,9.39
2057,689,59,5,1298.3,22.58
2058,268,82,1,1100.63,4.44
2059,685,296,5,964.02,14.73
2060,933,394,1,318.14,24.73
2061,296,257,5,1580.85,9.42
2062,481,21,5,880.69,0.79
2063,614,26,1,1330.83,26.57
2064,387,177,3,195.6,21.72
2065,282,272,2,822.26,16.89
2066,242,212,2,1599.45,15.35
2067,330,190,1,745.1,24.65
2068,804,296,4,1464.61,16.58
2069,41,321,4,125.01,6.24
2070,421,309,5,1125.36,18.54
2071,806,9,5,1561.66,28.59
2072,877,474,5,385.84,1.94
2073,275,411,1,1857.71,25.96
2074,259,428,5,266.04,16.67
2075,542,379,1,537.98,22.0
2076,986,439,2,1104.01,14.21
2077,902,477,2,1041.01,11.34
2078,783,97,5,1302.53,11.99
2079,249,80,1,300.17,12.0
2080,695,152,2,1053.01,19.36
2081,683,375,3,827.13,4.76
2082,249,451,4,1517.83,3.92
2083,740,372,5,873.16,3.12
2084,984,399,3,182.69,26.2
2085,842,200,3,1892.0,18.95
2086,161,182,3,1520.16,25.99
2087,44,96,4,1581.54,21.63
2088,378,175,5,1372.7,8.81
2089,983,444,1,1343.96,14.09
2090,316,211,3,1728.91,15.39
2091,984,418,5,1020.33,27.54
2092,791,116,1,749.38,16.68
2093,513,266,2,1664.22,8.26
2094,743,498,2,942.05,24.95
2095,64,345,3,94.33,20.6
2096,59,437,3,492.86,27.49
2097,214,497,3,404.77,15.79
2098,602,162,1,801.55,6.66
2099,145,413,1,198.31,21.34
2100,466,270,4,1448.08,23.62
2101,558,25,5,1951.67,7.23
2102,94,324,2,995.31,4.04
2103,660,166,2,97.64,12.2
2104,36,371,1,1913.3,27.54
2105,627,390,5,1003.4,28.85
2106,399,49,4,1922.27,25.75
2107,798,283,5,1785.81,0.32
2108,190,107,1,1994.58,0.88
2109,110,172,4,241.79,3.84
2110,612,269,1,503.88,11.32
2111,484,327,4,542.5,8.51
2112,611,62,4,1835.01,26.47
2113,697,110,4,748.45,23.76
2114,138,454,1,170.98,18.11
2115,828,64,5,1285.79,17.25
2116,112,277,3,467.17,11.91
2117,489,176,1,1181.38,22.7
2118,418,100,2,1633.59,4.73
2119,221,311,5,1021.59,2.21
2120,463,141,3,688.64,2.3
2121,262,479,1,1396.93,25.72
2122,302,67,5,1081.49,28.22
2123,44,425,3,1268.35,23.34
2124,346,122,4,1872.47,12.86
2125,990,405,1,1048.29,2.88
2126,765,66,4,1565.01,0.54
2127,44,484,2,1752.16,1.66
2128,907,105,3,793.37,26.54
2129,91,419,1,784.84,20.55
2130,75,165,2,217.89,5.27
2131,224,131,3,724.47,24.52
2132,522,282,2,883.76,3.26
2133,642,434,4,860.46,16.84
2134,925,74,5,437.5,15.73
2135,271,149,1,249.34,9.12
2136,568,3,5,1970.59,23.41
2137,351,153,2,964.24,20.01
2138,564,378,5,290.26,1.38
2139,240,331,3,1236.73,3.72
2140,105,342,3,914.04,20.82
2141,621,421,1,1024.65,29.8
2142,595,363,1,1610.51,8.57
2143,187,479,1,1435.01,13.59
2144,262,299,2,817.65,17.94
2145,587,320,4,1537.92,17.18
2146,385,446,3,1663.96,19.25
2147,778,308,4,197.52,15.67
2148,149,275,3,1166.97,19.1
2149,583,128,2,674.1,3.09
2150,22,396,5,1776.93,17.08
2151,812,500,2,1907.51,26.72
2152,111,95,2,602.97,4.24
2153,993,221,4,1136.55,28.82
2154,57,209,5,1405.36,29.7
2155,485,80,4,1287.67,13.72
2156,428,498,1,1291.03,5.22
2157,222,159,5,1887.2,21.73
2158,533,311,2,665.04,19.88
2159,930,186,2,1799.07,15.61
2160,674,460,5,1518.88,25.08
2161,292,424,1,1796.56,28.8
2162,909,340,1,1963.56,27.07
2163,580,313,4,695.85,16.48
2164,870,402,2,824.34,22.89
2165,558,347,2,879.61,7.98
2166,803,282,4,1154.37,10.34
2167,646,38,2,49.57,14.46
2168,437,51,2,1537.65,24.22
2169,322,293,3,1961.34,22.51
2170,258,432,2,1558.89,11.96
2171,153,124,5,1596.64,9.32
2172,522,140,1,1712.18,24.98
2173,169,245,2,21.94,20.03
2174,527,223,5,793.53,26.56
2175,65,29,1,1670.75,22.9
2176,516,104,1,180.8,5.8
2177,627,172,1,114.87,1.99
2178,541,29,5,1303.6,2.4
2179,645,311,1,1718.52,9.64
2180,465,209,2,1728.54,15.65
2181,893,299,4,1291.3,18.81
2182,52,374,3,456.61,8.39
2183,18,459,4,892.49,17.97
2184,401,84,1,1434.34,13.47
2185,144,372,4,1530.67,12.35
2186,134,306,2,702.21,16.66
2187,95,382,4,1455.48,24.78
2188,945,197,1,1964.33,16.96
2189,955,309,1,1542.84,7.91
2190,407,480,5,1355.77,7.88
2191,994,100,2,421.28,6.96
2192,960,68,3,728.6,27.92
2193,208,177,4,235.25,16.34
2194,82,238,1,425.74,29.88
2195,930,85,1,175.62,4.9
2196,389,58,2,1505.67,7.14
2197,526,343,3,282.07,14.87
2198,588,500,3,764.44,5.71
2199,459,39,5,607.52,7.94
2200,51,372,2,1731.82,9.69
2201,145,443,4,602.15,1.29
2202,838,49,4,565.28,29.85
2203,243,232,2,1370.46,24.96
2204,408,241,5,234.4,4.25
2205,475,380,4,1341.21,5.11
2206,192,39,1,1671.24,19.17
2207,900,252,5,1081.76,5.47
2208,644,100,3,1048.46,29.21
2209,176,294,5,693.47,24.89
2210,804,375,5,887.1,22.74
2211,888,424,2,1751.97,16.18
2212,898,59,5,370.89,20.45
2213,327,210,1,690.17,17.17
2214,461,492,1,995.8,21.08
2215,558,369,4,817.51,27.81
2216,122,233,4,1406.22,12.08
2217,961,255,2,1802.62,15.55
2218,827,76,1,742.87,0.07
2219,554,74,1,1324.64,5.13
2220,230,323,3,669.22,4.78
2221,403,348,3,49.37,10.05
2222,459,480,1,1379.76,12.15
2223,154,376,1,1055.22,23.1
2224,179,38,5,294.71,17.04
2225,993,234,5,1910.68,16.73
2226,548,396,3,485.73,18.7
2227,555,148,5,1738.79,28.59
2228,130,457,1,1704.73,23.95
2229,975,310,2,1331.38,16.27
2230,999,369,5,1439.17,7.52
2231,993,150,2,610.31,18.17
2232,867,377,5,1034.17,18.89
2233,663,44,3,706.62,18.78
2234,520,235,1,1396.66,13.24
2235,366,473,2,485.86,16.32
2236,459,200,4,408.06,23.07
2237,673,96,1,1869.13,13.56
2238,390,400,1,1927.78,1.9
2239,643,340,4,999.9,15.97
2240,394,278,2,1716.91,17.24
2241,447,259,4,1442.71,4.62
2242,855,67,3,1041.91,5.88
2243,768,20,5,650.14,15.73
2244,409,330,2,1371.03,23.77
2245,378,27,3,1768.38,19.91
2246,889,185,4,774.26,18.59
2247,703,234,5,95.87,20.19
2248,172,144,5,368.3,22.39
2249,873,192,3,517.39,28.03
2250,403,236,5,800.25,4.21
2251,847,418,5,602.44,19.15
2252,650,488,2,1373.38,22.18
2253,868,138,4,1664.01,6.67
2254,964,100,5,1921.74,27.71
2255,957,53,3,821.7,7.82
2256,701,349,3,389.47,22.84
2257,740,478,4,372.24,28.35
2258,399,86,5,360.28,28.38
2259,227,445,2,699.78,18.24
2260,703,190,1,462.64,29.74
2261,517,55,5,1427.02,11.08
2262,27,488,4,1047.49,28.69
2263,973,436,5,662.27,18.3
2264,775,250,3,1653.23,6.73
2265,199,157,5,257.56,20.26
2266,525,423,5,167.53,24.97
2267,936,247,5,978.81,1.41
2268,535,427,3,1172.31,8.07
2269,39,45,3,436.17,9.23
2270,334,151,4,232.89,24.83
2271,208,55,2,1463.29,10.98
2272,908,110,4,962.19,25.38
2273,538,50,2,1601.63,13.42
2274,325,24,1,1920.4,7.97
2275,867,77,1,581.29,23.09
2276,90,19,3,371.1,11.49
2277,542,486,1,1398.24,15.71
2278,575,31,5,1470.35,3.95
2279,490,4,3,734.75,7.05
2280,527,270,5,1715.78,10.45
2281,167,456,2,1871.64,16.72
2282,935,415,4,843.84,28.67
2283,885,396,5,1022.75,23.77
2284,461,276,4,573.49,25.88
2285,142,253,3,1030.21,29.49
2286,915,343,3,1091.87,10.19
2287,603,217,3,1597.27,9.52
2288,730,431,5,590.3,15.06
2289,312,491,5,1822.76,29.03
2290,832,355,4,1971.06,0.76
2291,955,436,1,1767.33,1.29
2292,821,158,3,1285.55,17.59
2293,900,119,1,1917.75,3.93
2294,899,423,1,1602.64,26.05
2295,71,107,1,661.47,14.42
2296,535,105,4,1119.98,5.46
2297,103,146,3,583.04,15.59
2298,632,197,4,1181.14,29.85
2299,503,74,4,1926.93,20.71
2300,960,114,4,909.03,19.12
2301,452,369,3,1293.43,4.49
2302,7,67,3,1695.01,29.54
2303,721,86,3,590.07,28.49
2304,72,270,2,1614.66,5.19
2305,557,414,1,1479.35,5.71
2306,65,65,2,1221.03,26.36
2307,661,4,3,1255.65,1.77
2308,757,5,1,1048.79,12.46
2309,502,82,2,1440.74,13.9
2310,25,273,2,1538.53,12.12
2311,724,45,4,370.34,5.42
2312,359,246,4,655.28,22.4
2313,372,288,3,977.99,11.37
2314,884,293,1,664.36,18.56
2315,524,419,4,777.18,19.73
2316,247,374,1,797.14,16.48
2317,187,368,4,1921.49,19.36
2318,180,33,4,1381.22,5.95
2319,807,368,2,1853.07,19.66
2320,990,96,1,665.13,5.18
2321,591,490,5,1821.09,6.42
2322,422,452,2,1911.58,21.98
2323,819,168,5,169.22,9.1
2324,567,282,2,488.18,5.0
2325,669,187,2,1582.92,25.67
2326,554,105,3,1120.77,9.24
2327,428,63,4,1455.08,13.89
2328,762,452,4,453.35,24.25
2329,297,127,1,1150.67,7.83
2330,260,296,4,1230.2,21.75
2331,185,458,4,1215.14,25.44
2332,597,225,1,389.85,5.23
2333,72,83,1,675.6,20.0
2334,611,240,5,1823.11,21.56
2335,220,252,3,293.79,28.54
2336,969,469,5,501.19,4.48
2337,832,346,1,286.74,10.93
2338,747,405,1,1105.0,5.2
2339,905,23,3,1526.77,14.67
2340,831,482,4,1046.88,15.18
2341,583,225,3,1373.52,20.8
2342,740,361,3,1341.35,10.72
2343,243,327,5,800.8,1.83
2344,858,473,1,419.95,8.34
2345,310,121,4,1297.91,24.44
2346,876,407,5,655.05,13.81
2347,356,428,2,1909.11,26.16
2348,585,461,1,65.22,4.48
2349,592,86,5,1503.57,19.92
2350,95,156,2,966.38,19.61
2351,753,262,2,132.24,24.7
2352,934,3,5,842.86,14.1
2353,216,352,5,1009.73,18.26
2354,118,75,4,115.86,4.53
2355,156,60,2,331.66,26.0
2356,947,359,4,832.02,22.58
2357,143,28,1,1219.56,22.38
2358,92,60,1,777.51,3.14
2359,936,93,1,259.49,21.65
2360,458,70,3,1330.2,27.77
2361,779,225,2,411.94,18.69
2362,748,110,1,601.35,5.77
2363,390,173,2,1081.57,19.81
2364,467,334,3,1557.76,3.11
2365,783,402,3,368.75,2.7
2366,24,405,5,1372.42,18.76
2367,144,473,3,1722.49,17.29
2368,335,69,2,1200.72,11.27
2369,18,431,5,403.43,25.41
2370,991,180,4,1682.5,1.98
2371,760,377,1,1614.62,6.44
2372,683,292,5,703.57,23.38
2373,598,255,1,1557.2,6.87
2374,465,61,2,565.41,12.72
2375,368,282,3,1088.49,11.62
2376,781,474,2,439.78,0.81
2377,965,39,2,70.78,29.7
2378,953,28,4,263.76,18.43
2379,491,119,5,999.82,1.81
2380,614,318,1,897.37,21.65
2381,88,221,4,1726.69,0.67
2382,234,67,2,1722.82,15.93
2383,968,462,1,697.93,7.83
2384,885,82,1,459.24,21.31
2385,293,17,2,136.12,0.51
2386,372,465,4,1914.05,16.93
2387,787,328,4,749.76,26.79
2388,316,319,1,754.36,17.7
2389,798,179,3,584.39,25.31
2390,969,127,3,969.55,3.19
2391,857,415,3,934.26,0.08
2392,46,285,1,1542.93,23.92
2393,527,63,1,430.29,24.18
2394,755,406,4,1116.61,3.01
2395,409,142,1,988.19,12.71
2396,44,279,1,1043.37,24.37
2397,687,188,4,232.66,17.78
2398,890,369,1,1948.92,21.13
2399,475,44,2,1026.56,12.26
2400,105,127,1,934.65,6.88
2401,82,497,1,1629.73,8.63
2402,994,272,3,994.23,5.98
2403,411,90,1,1414.05,0.74
2404,579,223,2,710.89,25.78
2405,693,182,4,863.3,12.88
2406,260,255,1,425.03,16.84
2407,342,102,2,1221.79,4.7
2408,830,471,4,1845.5,25.15
2409,911,202,4,1649.92,2.37
2410,600,33,5,496.28,4.15
2411,875,244,1,83.53,29.39
2412,413,213,4,218.33,28.95
2413,642,302,1,1515.09,23.85
2414,52,229,5,981.59,14.02
2415,936,130,1,58.9,19.65
2416,600,121,5,1541.18,16.56
2417,841,367,5,1519.43,25.74
2418,647,357,3,1156.85,9.45
2419,684,363,1,647.0,5.16
2420,262,313,5,1013.64,24.23
2421,305,332,5,1646.99,27.88
2422,405,402,5,1067.79,14.78
2423,230,332,1,413.35,17.71
2424,702,62,4,776.8,16.7
2425,300,53,4,1817.99,28.66
2426,153,111,4,587.58,1.47
2427,492,293,3,511.52,24.93
2428,781,166,4,382.37,22.11
2429,991,264,5,1198.34,17.49
2430,934,59,5,903.21,0.44
2431,729,422,3,346.98,12.92
2432,979,339,2,72.09,14.02
2433,528,236,5,1691.62,3.17
2434,421,29,2,1328.3,19.78
2435,646,412,3,208.25,27.93
2436,959,280,1,485.72,20.53
2437,769,315,5,1035.65,15.13
2438,799,300,4,1803.65,26.92
2439,86,500,4,1925.79,21.93
2440,551,258,5,1929.87,27.83
2441,521,16,1,1941.61,27.84
2442,916,134,3,1079.51,4.82
2443,124,232,3,1053.45,22.12
2444,239,293,4,1945.59,11.21
2445,955,6,5,361.7,24.36
2446,266,277,1,849.2,9.61
2447,683,48,2,1687.4,11.41
2448,88,154,5,818.39,22.94
2449,685,44,2,1031.58,14.99
2450,837,303,3,1587.1,18.0
2451,434,287,5,317.87,21.79
2452,402,297,4,1335.88,1.5
2453,45,302,3,474.09,3.54
2454,927,405,1,1584.43,12.71
2455,364,219,1,998.82,16.56
2456,255,91,4,582.55,26.81
2457,708,284,5,463.78,21.69
2458,363,55,4,1170.45,25.77
2459,675,344,4,379.82,19.2
2460,907,310,4,1409.98,8.49
2461,625,193,4,1102.66,21.61
2462,959,314,4,70.73,13.59
2463,320,78,1,899.01,4.59
2464,347,53,4,301.83,29.44
2465,365,297,2,1654.53,12.2
2466,556,280,2,20.68,29.03
2467,984,405,2,546.52,12.0
2468,714,257,2,1235.88,26.41
2469,141,133,4,969.46,29.72
2470,771,270,4,1211.85,2.04
2471,23,320,1,196.58,2.22
2472,850,58,5,1794.2,29.83
2473,255,184,5,1287.39,4.9
2474,841,448,2,1435.17,3.24
2475,219,244,4,1791.0,10.25
2476,255,23,3,656.01,15.33
2477,411,171,1,1821.82,10.81
2478,980,143,3,1001.27,7.87
2479,632,50,4,649.41,0.95
2480,198,357,3,561.73,23.63
2481,427,206,1,950.69,22.21
2482,919,467,1,1549.35,3.8
2483,265,305,5,1155.0,16.4
2484,43,280,5,1913.72,21.88
2485,888,206,4,1669.99,4.36
2486,279,41,4,556.32,15.51
2487,108,404,2,1682.67,18.68
2488,942,202,4,1895.43,16.38
2489,632,340,5,1242.47,27.45
2490,716,500,5,803.74,18.56
2491,451,160,5,774.7,9.37
2492,914,444,1,668.11,17.65
2493,322,412,1,239.08,18.41
2494,740,307,2,136.0,20.62
2495,490,185,2,1400.04,11.44
2496,712,23,3,244.51,14.23
2497,433,350,1,469.6,17.88
2498,771,395,5,1618.86,6.21
2499,322,128,4,1952.21,19.43
2500,103,264,5,534.61,11.17
