payment_id,order_id,payment_status,payment_date,payment_amount
1,1,Refunded,2025-08-23 20:01:10,1005.7
2,2,Refunded,2024-08-17 21:56:42,4050.43
3,3,Cancelled,2026-01-05 11:51:44,3819.38
4,4,Cancelled,2026-01-31 12:16:47,1373.4
5,5,Pending,2025-01-13 08:55:54,643.21
6,6,Cancelled,2025-01-25 16:52:26,2299.47
7,7,Paid,2026-02-20 10:22:23,3006.22
8,8,Refunded,2025-08-11 19:10:11,2285.87
9,9,Pending,2025-12-08 13:37:17,156.06
10,10,Cancelled,2025-03-13 19:44:49,4292.1
11,11,Cancelled,2026-01-30 20:30:57,1342.31
12,12,Pending,2025-12-17 05:14:47,38.48
13,13,Paid,2025-12-13 18:56:24,1249.72
14,14,Cancelled,2024-11-14 04:44:39,3545.93
15,15,Refunded,2026-05-11 13:31:31,3744.01
16,16,Cancelled,2025-04-08 09:23:21,463.03
17,17,Paid,2024-10-31 06:30:38,4818.09
18,18,Cancelled,2024-09-04 00:04:29,41.45
19,19,Pending,2024-08-05 21:41:50,104.27
20,20,Cancelled,2024-09-27 23:39:06,2144.6
21,21,Paid,2024-10-28 05:48:50,1765.95
22,22,Paid,2024-12-14 04:28:22,3520.06
23,23,Cancelled,2025-04-21 06:57:18,1751.46
24,24,Paid,2025-03-28 03:12:42,1222.35
25,25,Cancelled,2024-11-28 11:08:44,424.45
26,26,Refunded,2026-03-16 04:09:37,3227.16
27,27,Paid,2025-08-15 19:15:39,2046.88
28,28,Pending,2024-06-27 09:03:53,845.4
29,29,Cancelled,2025-05-30 19:29:10,1992.9
30,30,Paid,2025-07-03 07:08:26,4656.48
31,31,Cancelled,2025-03-01 23:32:48,325.94
32,32,Cancelled,2025-11-09 08:21:33,1467.15
33,33,Refunded,2024-08-10 16:17:30,2330.12
34,34,Cancelled,2025-01-15 18:20:23,4386.53
35,35,Refunded,2025-07-12 19:57:52,3878.99
36,36,Paid,2025-04-09 02:23:45,2553.65
37,37,Pending,2025-05-18 18:27:43,2347.14
38,38,Paid,2025-10-27 05:42:24,2038.33
39,39,Paid,2024-11-22 06:46:29,146.26
40,40,Cancelled,2024-12-16 15:52:20,4608.34
41,41,Paid,2026-03-29 00:22:08,3993.7
42,42,Cancelled,2026-01-14 02:27:09,3772.4
43,43,Pending,2026-05-12 16:58:09,2441.71
44,44,Refunded,2024-09-04 11:53:11,3276.13
45,45,Refunded,2025-02-20 21:18:47,2879.13
46,46,Pending,2025-05-19 01:18:56,2985.68
47,47,Paid,2025-11-21 19:37:06,4083.05
48,48,Paid,2025-02-24 13:41:48,2231.87
49,49,Paid,2026-02-11 21:53:59,571.03
50,50,Cancelled,2025-01-09 07:16:15,2222.9
51,51,Paid,2024-05-31 07:23:29,4164.09
52,52,Paid,2025-09-28 05:37:21,1404.6
53,53,Paid,2026-04-18 01:14:21,867.7
54,54,Refunded,2025-08-28 11:44:41,1354.89
55,55,Refunded,2024-06-10 23:26:04,448.93
56,56,Cancelled,2026-02-27 12:43:57,1684.25
57,57,Pending,2025-12-10 06:52:53,2249.74
58,58,Refunded,2025-10-11 07:16:45,1177.16
59,59,Cancelled,2026-01-25 11:53:07,3324.69
60,60,Refunded,2024-06-26 09:42:21,4924.94
61,61,Pending,2025-11-02 09:47:37,1882.65
62,62,Paid,2026-04-27 13:10:59,1159.48
63,63,Paid,2026-01-17 14:53:16,2410.62
64,64,Pending,2025-10-18 14:02:41,4096.35
65,65,Paid,2024-11-17 02:25:15,1813.76
66,66,Paid,2024-11-27 10:28:57,4384.64
67,67,Pending,2025-07-18 06:08:04,1569.36
68,68,Cancelled,2025-03-09 17:41:06,1935.94
69,69,Pending,2025-01-10 03:43:20,4900.13
70,70,Paid,2025-09-23 05:24:48,3602.32
71,71,Cancelled,2025-11-10 02:59:00,4787.08
72,72,Cancelled,2025-02-20 18:38:56,3245.02
73,73,Cancelled,2026-04-16 10:36:29,1192.08
74,74,Refunded,2026-02-04 19:58:57,1097.95
75,75,Pending,2025-10-29 04:29:40,3821.48
76,76,Cancelled,2024-08-17 17:47:12,1379.77
77,77,Pending,2025-07-04 09:59:51,3593.93
78,78,Pending,2026-03-19 07:42:49,4646.89
79,79,Refunded,2024-11-14 13:01:03,3968.04
80,80,Cancelled,2026-03-12 02:14:28,4232.07
81,81,Pending,2025-04-23 13:31:32,4291.96
82,82,Pending,2025-03-12 16:09:51,4181.26
83,83,Cancelled,2024-05-21 01:10:28,4331.47
84,84,Paid,2026-04-21 14:14:15,2775.97
85,85,Paid,2025-03-16 04:08:06,1318.66
86,86,Pending,2026-05-05 08:31:50,4955.34
87,87,Pending,2026-04-27 21:56:00,1381.93
88,88,Cancelled,2024-11-29 10:01:58,3959.33
89,89,Cancelled,2025-01-03 15:30:05,4588.71
90,90,Paid,2024-07-24 00:55:39,2212.79
91,91,Refunded,2026-05-12 04:51:15,2163.5
92,92,Paid,2026-02-12 22:55:23,1831.91
93,93,Pending,2025-12-23 15:51:08,2398.9
94,94,Cancelled,2024-11-13 19:50:26,4127.29
95,95,Paid,2024-12-31 22:54:16,3045.47
96,96,Paid,2024-10-25 08:25:41,4406.56
97,97,Refunded,2026-03-13 11:13:43,1955.13
98,98,Pending,2026-04-06 09:56:29,142.0
99,99,Refunded,2024-09-16 09:23:30,4673.62
100,100,Cancelled,2026-04-26 07:58:54,3755.57
101,101,Pending,2025-04-20 19:13:09,1525.25
102,102,Cancelled,2025-09-17 07:48:25,4101.66
103,103,Refunded,2025-01-16 07:17:04,97.57
104,104,Refunded,2026-03-29 00:59:50,3319.86
105,105,Paid,2026-02-04 19:56:07,1815.88
106,106,Pending,2025-12-31 11:37:33,4237.84
107,107,Pending,2025-09-27 11:34:34,3004.51
108,108,Pending,2025-03-26 12:18:43,1267.68
109,109,Paid,2026-01-18 00:28:57,2387.67
110,110,Cancelled,2024-06-10 06:08:24,3627.01
111,111,Pending,2024-12-13 18:57:02,1999.71
112,112,Pending,2026-03-18 22:14:15,1823.34
113,113,Paid,2024-07-16 03:36:37,3029.6
114,114,Pending,2026-02-13 08:03:30,1659.75
115,115,Paid,2026-01-10 08:39:55,1959.36
116,116,Paid,2025-05-31 20:20:25,55.3
117,117,Paid,2025-05-15 20:19:03,3923.18
118,118,Paid,2025-12-08 08:08:01,3342.77
119,119,Refunded,2025-03-31 16:41:47,434.16
120,120,Cancelled,2026-05-04 13:41:58,2132.18
121,121,Cancelled,2026-02-27 06:57:47,370.66
122,122,Refunded,2025-01-28 08:55:52,978.78
123,123,Paid,2025-11-23 03:35:03,3943.15
124,124,Paid,2025-04-08 00:00:45,713.79
125,125,Paid,2026-03-26 22:33:12,4279.97
126,126,Pending,2026-04-28 09:28:54,253.46
127,127,Pending,2026-02-11 00:56:45,3282.64
128,128,Refunded,2024-07-31 22:02:55,2663.66
129,129,Cancelled,2026-02-14 06:29:08,3336.73
130,130,Paid,2024-09-16 11:33:22,4164.4
131,131,Cancelled,2025-11-08 11:11:29,3825.53
132,132,Pending,2024-12-03 15:22:28,2400.8
133,133,Pending,2025-06-12 05:17:57,3375.79
134,134,Refunded,2024-07-05 11:42:52,386.41
135,135,Paid,2025-02-12 05:37:02,3333.25
136,136,Cancelled,2025-04-06 20:08:06,2479.08
137,137,Pending,2025-08-25 14:47:39,4744.46
138,138,Cancelled,2025-12-02 08:24:06,3148.09
139,139,Refunded,2026-02-05 17:56:15,4283.27
140,140,Cancelled,2025-07-14 08:55:28,4847.75
141,141,Pending,2025-12-08 23:51:31,369.63
142,142,Paid,2025-01-23 17:56:35,649.7
143,143,Pending,2025-05-01 23:57:04,3865.06
144,144,Paid,2025-11-05 22:11:43,4396.36
145,145,Paid,2024-06-05 04:23:50,2065.09
146,146,Cancelled,2025-12-27 18:47:29,2640.82
147,147,Paid,2024-06-24 09:43:55,4113.3
148,148,Paid,2025-09-25 02:35:42,2413.85
149,149,Pending,2025-09-25 06:41:27,3197.61
150,150,Pending,2024-10-04 15:41:40,4145.78
151,151,Refunded,2025-09-16 09:30:19,964.12
152,152,Cancelled,2025-04-24 08:12:26,3827.59
153,153,Cancelled,2026-01-19 08:12:30,3045.6
154,154,Refunded,2025-09-24 21:29:15,2543.58
155,155,Paid,2024-08-28 15:28:57,4567.04
156,156,Cancelled,2024-05-17 07:52:36,2080.86
157,157,Paid,2025-03-22 03:25:04,2184.04
158,158,Pending,2024-10-17 08:12:50,4186.27
159,159,Paid,2025-09-14 22:49:52,1142.13
160,160,Pending,2025-01-07 06:21:31,3570.82
161,161,Refunded,2025-01-13 14:44:16,3299.77
162,162,Pending,2025-08-05 04:24:14,716.76
163,163,Cancelled,2024-07-17 19:27:22,4429.85
164,164,Paid,2024-08-09 00:31:37,4029.12
165,165,Pending,2024-09-14 12:33:47,890.53
166,166,Refunded,2024-11-24 19:29:14,2316.25
167,167,Refunded,2025-06-20 00:17:51,3032.97
168,168,Pending,2025-11-20 04:20:08,4231.38
169,169,Refunded,2026-01-01 03:46:40,4682.69
170,170,Cancelled,2026-02-19 02:26:40,941.35
171,171,Refunded,2025-10-01 04:08:33,3812.82
172,172,Refunded,2025-12-28 16:55:25,1520.4
173,173,Pending,2024-08-23 23:38:53,3805.4
174,174,Cancelled,2026-03-03 19:01:35,4011.15
175,175,Cancelled,2025-08-19 07:48:10,3838.38
176,176,Paid,2025-10-29 13:54:33,2546.33
177,177,Pending,2025-03-29 15:23:17,390.44
178,178,Cancelled,2026-01-20 14:27:46,1119.52
179,179,Paid,2026-05-14 14:33:52,1302.37
180,180,Cancelled,2025-01-18 00:34:15,1615.96
181,181,Refunded,2025-04-30 14:55:17,2404.94
182,182,Refunded,2025-05-21 11:55:06,1599.97
183,183,Paid,2026-03-24 09:52:07,2977.28
184,184,Cancelled,2025-12-06 23:08:28,3859.2
185,185,Pending,2024-08-26 15:20:34,3499.03
186,186,Cancelled,2024-12-03 09:57:53,3904.39
187,187,Paid,2024-09-26 16:25:23,4646.78
188,188,Refunded,2025-10-30 21:51:03,875.22
189,189,Pending,2025-08-18 13:14:29,2894.09
190,190,Refunded,2026-02-16 02:37:25,98.74
191,191,Pending,2025-01-24 09:04:53,4773.56
192,192,Paid,2026-01-25 22:50:03,2350.45
193,193,Cancelled,2024-12-19 19:37:21,2074.03
194,194,Paid,2024-10-16 05:53:59,1988.44
195,195,Pending,2024-07-19 11:51:00,1097.49
196,196,Refunded,2025-04-01 21:18:47,1633.52
197,197,Paid,2025-02-24 11:05:32,380.85
198,198,Refunded,2024-10-03 05:12:04,892.54
199,199,Cancelled,2025-03-16 13:48:10,1736.61
200,200,Pending,2026-03-26 15:38:01,2352.67
201,201,Pending,2025-03-04 00:17:41,3612.99
202,202,Refunded,2026-02-22 06:05:05,3016.19
203,203,Refunded,2026-04-01 19:51:31,4884.19
204,204,Paid,2025-07-31 23:23:25,3822.93
205,205,Pending,2024-11-05 07:16:59,2830.34
206,206,Cancelled,2024-05-31 01:03:40,1289.18
207,207,Paid,2024-06-01 18:43:59,1361.77
208,208,Cancelled,2026-05-01 22:36:04,385.98
209,209,Cancelled,2025-07-22 18:17:35,3383.55
210,210,Cancelled,2025-09-29 13:28:57,4816.61
211,211,Cancelled,2025-09-02 07:06:19,79.01
212,212,Refunded,2025-09-13 15:43:13,759.12
213,213,Cancelled,2024-11-08 13:57:06,1976.87
214,214,Paid,2026-04-19 07:21:06,4316.97
215,215,Refunded,2024-07-23 01:10:59,534.98
216,216,Refunded,2025-05-09 02:45:51,4741.41
217,217,Pending,2024-10-15 22:29:22,3656.81
218,218,Paid,2024-12-04 06:31:53,1042.33
219,219,Paid,2025-11-10 14:59:42,3986.48
220,220,Pending,2026-03-07 13:49:05,1820.24
221,221,Pending,2024-09-23 00:22:43,179.73
222,222,Pending,2024-06-22 14:33:41,2898.62
223,223,Pending,2025-03-22 10:22:20,3148.83
224,224,Pending,2025-09-06 22:58:12,2566.16
225,225,Pending,2025-04-13 01:52:40,4808.51
226,226,Paid,2025-08-24 06:40:17,4000.87
227,227,Pending,2024-12-03 00:13:56,4442.12
228,228,Cancelled,2024-09-07 20:47:01,434.46
229,229,Cancelled,2024-07-23 02:45:43,1163.05
230,230,Refunded,2025-02-24 17:04:06,4908.32
231,231,Pending,2024-09-24 01:51:36,2732.95
232,232,Cancelled,2025-07-29 12:42:49,935.78
233,233,Paid,2024-08-14 02:06:43,686.0
234,234,Paid,2024-05-25 21:39:38,3093.57
235,235,Pending,2025-11-24 01:54:20,2761.06
236,236,Refunded,2025-06-27 08:51:53,2732.95
237,237,Paid,2025-04-17 22:29:11,4151.43
238,238,Pending,2026-01-05 15:00:08,2195.53
239,239,Cancelled,2026-04-29 12:22:42,2460.48
240,240,Pending,2026-05-05 23:01:26,3814.92
241,241,Refunded,2025-05-02 08:16:02,3153.57
242,242,Refunded,2026-02-16 11:44:10,349.79
243,243,Paid,2025-10-20 03:32:27,1780.34
244,244,Paid,2025-06-02 18:08:43,3428.47
245,245,Refunded,2024-08-14 23:46:12,111.24
246,246,Paid,2024-11-05 07:13:25,4427.31
247,247,Refunded,2025-11-20 04:19:53,2576.07
248,248,Refunded,2024-10-19 17:26:37,3449.41
249,249,Pending,2024-10-09 22:32:25,3555.83
250,250,Pending,2026-03-15 10:12:17,2157.79
251,251,Paid,2026-02-05 17:38:46,1055.8
252,252,Cancelled,2026-01-12 10:20:58,84.07
253,253,Cancelled,2024-12-07 16:55:13,73.46
254,254,Pending,2024-12-24 14:32:23,690.51
255,255,Pending,2025-12-15 17:14:46,1624.75
256,256,Pending,2025-06-02 18:30:06,3734.19
257,257,Pending,2025-03-07 16:54:22,34.05
258,258,Pending,2024-08-24 01:37:52,3354.93
259,259,Refunded,2025-04-14 22:42:52,4388.23
260,260,Cancelled,2026-03-11 01:49:55,1003.51
261,261,Pending,2024-10-22 09:57:13,1667.85
262,262,Cancelled,2025-08-24 00:53:37,2880.09
263,263,Pending,2024-10-29 08:59:32,3842.25
264,264,Paid,2026-02-14 00:40:12,4250.12
265,265,Paid,2024-12-20 17:25:53,4325.05
266,266,Cancelled,2025-11-30 09:21:35,4358.58
267,267,Cancelled,2025-10-22 22:15:04,1121.15
268,268,Cancelled,2024-10-09 00:31:30,4204.36
269,269,Cancelled,2025-04-04 20:47:40,3068.84
270,270,Refunded,2024-10-02 00:52:40,3639.88
271,271,Pending,2025-03-28 05:58:51,66.06
272,272,Refunded,2026-01-20 11:07:50,4293.48
273,273,Refunded,2024-09-05 07:06:42,1881.61
274,274,Paid,2024-06-06 06:54:34,340.1
275,275,Cancelled,2024-12-26 08:07:42,1959.88
276,276,Cancelled,2024-12-04 06:50:07,1967.0
277,277,Refunded,2024-11-13 20:18:35,41.34
278,278,Refunded,2025-09-06 16:56:02,1464.95
279,279,Paid,2025-04-30 05:21:16,2770.55
280,280,Paid,2026-04-19 16:21:50,1659.41
281,281,Refunded,2024-11-23 19:31:19,2459.21
282,282,Cancelled,2025-02-26 01:05:11,730.65
283,283,Pending,2025-08-10 16:38:26,4154.08
284,284,Pending,2025-10-28 10:12:09,2588.31
285,285,Paid,2025-09-29 15:53:06,1492.68
286,286,Refunded,2025-05-05 19:20:16,1806.15
287,287,Cancelled,2024-07-20 12:49:28,4094.22
288,288,Cancelled,2024-05-22 22:55:22,3084.06
289,289,Pending,2025-05-14 03:07:35,511.6
290,290,Pending,2024-08-26 09:39:34,628.4
291,291,Refunded,2026-03-22 19:25:24,3547.57
292,292,Pending,2025-01-21 00:16:53,815.79
293,293,Pending,2025-11-04 05:26:06,3487.64
294,294,Paid,2025-03-19 17:29:48,3310.08
295,295,Pending,2025-10-30 10:23:50,1635.4
296,296,Cancelled,2024-10-26 18:33:49,4920.85
297,297,Pending,2025-11-20 00:05:08,3187.09
298,298,Refunded,2025-03-08 19:24:47,1762.21
299,299,Refunded,2025-11-16 05:03:50,3706.05
300,300,Cancelled,2025-04-08 17:15:17,2494.78
301,301,Refunded,2025-12-07 16:30:53,888.3
302,302,Pending,2025-08-21 19:04:44,3735.84
303,303,Paid,2024-11-29 22:55:51,2987.16
304,304,Paid,2024-07-10 16:23:42,3862.51
305,305,Refunded,2024-07-27 22:40:36,596.74
306,306,Refunded,2025-07-21 13:46:18,3885.94
307,307,Cancelled,2024-06-29 13:45:44,1610.32
308,308,Cancelled,2024-06-24 09:59:21,4177.42
309,309,Pending,2025-01-28 11:32:49,2237.7
310,310,Pending,2026-05-08 02:50:31,2021.29
311,311,Cancelled,2024-11-13 08:18:05,430.63
312,312,Paid,2025-05-15 17:21:22,1396.27
313,313,Paid,2026-04-20 09:06:34,4847.46
314,314,Refunded,2025-02-14 03:12:06,1288.54
315,315,Paid,2025-08-28 22:10:44,4015.66
316,316,Cancelled,2026-05-14 12:46:11,3539.36
317,317,Cancelled,2025-10-17 23:00:01,606.31
318,318,Refunded,2026-01-28 01:32:08,355.69
319,319,Pending,2025-08-22 14:23:37,4137.55
320,320,Pending,2025-11-17 01:48:28,906.89
321,321,Refunded,2025-12-17 02:46:42,1852.52
322,322,Refunded,2026-02-02 23:17:34,4798.93
323,323,Refunded,2024-06-19 06:56:33,3310.54
324,324,Pending,2024-05-19 02:28:32,2989.36
325,325,Refunded,2024-11-27 23:02:48,245.07
326,326,Cancelled,2025-06-10 19:53:03,2826.38
327,327,Cancelled,2025-09-08 05:47:59,1619.45
328,328,Paid,2025-03-06 19:43:57,3005.93
329,329,Pending,2025-01-04 21:41:07,552.73
330,330,Pending,2025-03-17 12:13:17,3930.57
331,331,Refunded,2025-10-18 07:46:14,111.24
332,332,Cancelled,2025-02-27 00:38:22,3797.81
333,333,Pending,2024-08-25 15:38:21,2070.15
334,334,Refunded,2026-04-07 22:50:12,2221.92
335,335,Paid,2025-07-23 13:30:05,1639.19
336,336,Cancelled,2024-06-15 21:09:54,457.06
337,337,Refunded,2025-08-08 19:36:00,22.8
338,338,Cancelled,2024-10-01 06:16:49,4840.54
339,339,Paid,2024-12-03 02:43:40,4559.59
340,340,Paid,2024-09-23 21:04:50,3994.0
341,341,Pending,2025-06-10 05:03:33,4393.41
342,342,Pending,2025-06-01 17:44:23,924.04
343,343,Cancelled,2026-05-07 13:05:27,1023.06
344,344,Pending,2025-02-02 09:15:08,322.72
345,345,Cancelled,2026-03-27 19:43:16,1376.03
346,346,Paid,2025-05-13 12:16:26,3410.18
347,347,Pending,2024-08-25 09:41:53,666.93
348,348,Cancelled,2024-07-23 13:41:57,55.02
349,349,Paid,2025-01-16 09:45:52,1418.2
350,350,Pending,2025-11-17 14:39:47,3707.56
351,351,Cancelled,2025-06-30 22:21:21,3658.0
352,352,Pending,2025-04-16 04:56:00,2895.03
353,353,Refunded,2024-09-02 01:48:13,2343.38
354,354,Paid,2024-12-03 04:51:34,3485.74
355,355,Pending,2024-08-13 16:38:00,4563.58
356,356,Cancelled,2025-01-13 06:18:30,1071.99
357,357,Refunded,2024-06-18 05:46:55,3745.88
358,358,Pending,2024-08-22 06:14:13,4414.92
359,359,Cancelled,2025-06-06 16:30:00,2576.55
360,360,Paid,2026-03-22 23:49:27,2572.4
361,361,Refunded,2026-02-22 08:24:53,2739.57
362,362,Cancelled,2024-12-19 04:46:17,3884.19
363,363,Pending,2025-12-16 18:58:39,1991.71
364,364,Paid,2025-02-19 00:27:56,274.72
365,365,Cancelled,2026-05-04 08:50:58,3232.35
366,366,Refunded,2025-04-13 23:55:27,1201.32
367,367,Refunded,2024-12-20 16:39:12,3085.07
368,368,Refunded,2026-04-16 03:48:53,3913.53
369,369,Refunded,2026-03-27 01:49:07,2323.52
370,370,Refunded,2024-12-05 09:14:55,4350.35
371,371,Paid,2025-09-03 00:24:44,1399.98
372,372,Pending,2026-02-18 07:12:10,2270.46
373,373,Pending,2025-12-27 11:07:12,3724.21
374,374,Refunded,2026-05-04 17:47:40,1940.29
375,375,Pending,2024-12-05 19:20:38,1438.35
376,376,Cancelled,2025-06-20 11:36:32,1502.64
377,377,Paid,2025-01-13 01:28:29,4155.12
378,378,Paid,2025-04-18 09:58:52,3453.06
379,379,Refunded,2026-04-08 07:08:54,4684.68
380,380,Pending,2024-09-20 02:03:39,1262.44
381,381,Refunded,2025-01-15 00:41:09,4606.09
382,382,Paid,2025-12-08 06:46:40,4774.93
383,383,Cancelled,2025-05-31 12:33:55,2321.06
384,384,Refunded,2025-12-29 02:28:52,1832.09
385,385,Pending,2024-09-09 10:19:08,2263.19
386,386,Cancelled,2025-07-20 13:04:01,4611.23
387,387,Paid,2026-03-08 12:14:22,1662.73
388,388,Refunded,2026-05-01 17:45:46,1904.52
389,389,Pending,2025-10-07 13:43:37,4980.07
390,390,Paid,2025-09-21 10:35:48,4955.09
391,391,Pending,2026-01-24 22:26:32,2454.25
392,392,Cancelled,2025-04-21 16:32:25,302.81
393,393,Paid,2024-06-25 06:40:23,3267.73
394,394,Cancelled,2024-10-08 16:15:46,4035.72
395,395,Cancelled,2024-09-07 09:01:56,2339.14
396,396,Pending,2024-06-26 07:44:43,487.72
397,397,Paid,2024-11-09 11:27:03,1595.19
398,398,Paid,2024-10-04 04:32:29,3216.75
399,399,Pending,2024-06-11 19:03:37,2469.81
400,400,Pending,2025-05-15 04:35:20,1951.76
401,401,Pending,2024-12-03 01:27:57,760.09
402,402,Refunded,2024-09-18 23:25:30,3583.17
403,403,Pending,2025-11-14 06:38:28,1426.96
404,404,Cancelled,2025-05-12 18:31:37,4522.87
405,405,Refunded,2025-04-18 22:10:55,2916.58
406,406,Refunded,2024-08-13 01:23:04,666.88
407,407,Paid,2026-04-10 05:48:54,3416.95
408,408,Pending,2026-05-05 02:55:07,3645.67
409,409,Pending,2025-06-03 08:20:43,453.25
410,410,Cancelled,2024-06-15 14:57:08,4649.89
411,411,Pending,2025-04-22 21:03:47,1589.0
412,412,Refunded,2025-02-15 20:33:22,2303.83
413,413,Refunded,2025-11-16 15:48:03,3477.89
414,414,Refunded,2025-07-24 13:37:32,4048.13
415,415,Pending,2025-05-26 19:18:51,3122.88
416,416,Paid,2025-05-05 11:47:56,1327.16
417,417,Pending,2025-06-01 20:30:44,958.11
418,418,Cancelled,2024-08-10 07:31:18,1243.42
419,419,Refunded,2026-03-02 22:06:33,2446.75
420,420,Refunded,2025-11-24 23:54:44,2130.93
421,421,Pending,2026-03-19 06:20:28,4433.42
422,422,Refunded,2024-09-06 22:27:39,3557.6
423,423,Cancelled,2024-08-18 23:37:18,1853.36
424,424,Paid,2025-02-10 11:38:10,4933.74
425,425,Pending,2024-07-26 14:57:28,4567.97
426,426,Cancelled,2024-10-20 04:24:40,203.0
427,427,Refunded,2026-03-20 06:27:34,585.46
428,428,Cancelled,2024-12-21 14:51:15,386.74
429,429,Refunded,2024-10-02 06:11:32,4872.39
430,430,Refunded,2026-02-22 11:12:14,4686.35
431,431,Cancelled,2024-09-22 15:47:09,2826.73
432,432,Paid,2025-12-18 10:22:19,3999.99
433,433,Paid,2025-06-14 02:05:56,3834.54
434,434,Pending,2026-02-12 20:23:19,2764.04
435,435,Paid,2024-12-12 19:44:34,4637.31
436,436,Pending,2025-07-26 10:13:55,4783.63
437,437,Paid,2026-04-06 22:01:02,2398.49
438,438,Refunded,2025-10-12 00:19:19,4216.84
439,439,Cancelled,2025-08-12 20:21:28,167.73
440,440,Pending,2024-10-26 21:53:27,534.77
441,441,Pending,2025-08-11 04:39:05,860.92
442,442,Pending,2024-05-18 03:26:55,4533.63
443,443,Paid,2025-06-27 12:10:39,3287.95
444,444,Refunded,2025-12-31 13:36:56,1836.1
445,445,Refunded,2025-08-01 06:47:44,1430.75
446,446,Paid,2024-10-02 04:35:13,1256.7
447,447,Refunded,2025-04-03 09:09:08,4685.31
448,448,Refunded,2026-04-29 20:17:07,1861.19
449,449,Paid,2024-07-13 14:51:23,2911.55
450,450,Cancelled,2024-11-22 03:14:48,647.82
451,451,Refunded,2026-01-01 15:49:17,1076.98
452,452,Cancelled,2025-06-05 19:59:51,2154.95
453,453,Refunded,2025-10-22 17:01:44,2502.13
454,454,Pending,2024-07-27 04:30:59,4616.2
455,455,Pending,2026-04-04 04:16:21,1175.79
456,456,Pending,2025-01-25 05:09:53,2451.03
457,457,Paid,2024-06-04 02:30:34,2891.26
458,458,Cancelled,2024-12-21 17:55:34,1329.01
459,459,Pending,2025-10-26 03:07:20,196.12
460,460,Pending,2025-10-25 14:34:40,3477.52
461,461,Cancelled,2024-08-17 16:36:56,2013.53
462,462,Pending,2025-03-17 02:23:50,3609.95
463,463,Cancelled,2025-03-01 02:10:16,4741.24
464,464,Paid,2025-08-16 11:14:48,4451.16
465,465,Pending,2026-05-06 15:07:19,935.03
466,466,Cancelled,2024-08-05 07:49:34,765.34
467,467,Refunded,2026-02-24 00:55:32,1885.13
468,468,Cancelled,2025-01-21 05:43:53,3389.14
469,469,Paid,2024-09-11 09:07:20,538.83
470,470,Cancelled,2024-06-06 08:47:58,2169.7
471,471,Paid,2024-07-16 21:40:04,138.31
472,472,Paid,2025-05-07 09:54:28,4781.8
473,473,Paid,2026-02-19 03:53:44,879.76
474,474,Pending,2025-11-15 15:08:52,1051.89
475,475,Paid,2025-10-09 05:14:37,1279.2
476,476,Cancelled,2025-05-22 15:41:13,2296.34
477,477,Paid,2025-05-02 14:44:52,4472.35
478,478,Paid,2025-09-14 23:57:29,1924.31
479,479,Pending,2024-12-10 02:59:57,2765.14
480,480,Pending,2025-08-19 11:18:35,3435.62
481,481,Paid,2025-10-08 00:39:58,2949.07
482,482,Pending,2024-05-19 10:45:34,3708.35
483,483,Cancelled,2025-01-25 19:30:09,2898.4
484,484,Pending,2024-06-17 23:54:25,3920.32
485,485,Refunded,2025-10-06 14:29:11,580.13
486,486,Cancelled,2025-09-10 08:15:41,1137.17
487,487,Pending,2025-05-01 20:58:23,443.5
488,488,Paid,2025-01-22 07:24:10,4599.83
489,489,Pending,2025-12-04 03:31:51,4332.14
490,490,Pending,2025-12-06 07:14:54,4424.61
491,491,Cancelled,2026-04-19 07:58:39,3268.79
492,492,Pending,2026-01-24 00:19:13,3748.02
493,493,Paid,2025-07-31 00:25:19,2281.07
494,494,Refunded,2024-08-23 09:14:34,1591.47
495,495,Cancelled,2024-10-26 02:42:12,2465.16
496,496,Pending,2026-03-16 11:13:25,3950.64
497,497,Pending,2024-06-21 18:02:33,329.45
498,498,Paid,2026-01-27 12:39:47,770.61
499,499,Pending,2025-09-26 20:56:02,4800.73
500,500,Paid,2024-12-20 17:11:05,2118.51
501,501,Refunded,2025-01-20 22:52:51,4509.65
502,502,Cancelled,2026-01-24 21:04:39,2091.47
503,503,Refunded,2024-06-27 01:47:15,1841.06
504,504,Refunded,2025-12-13 15:58:35,704.02
505,505,Paid,2024-07-08 20:55:56,2465.53
506,506,Cancelled,2025-07-13 22:16:15,4226.32
507,507,Paid,2025-08-25 18:04:03,4096.0
508,508,Refunded,2025-03-07 04:10:55,3240.73
509,509,Refunded,2024-07-25 19:48:56,2211.0
510,510,Refunded,2025-03-20 17:48:03,4585.74
511,511,Cancelled,2024-11-29 03:08:22,900.88
512,512,Cancelled,2024-09-30 04:54:05,1103.24
513,513,Cancelled,2024-11-17 09:57:27,3480.49
514,514,Refunded,2026-01-03 16:44:15,2484.19
515,515,Paid,2026-03-18 04:55:05,90.19
516,516,Refunded,2025-03-20 18:53:47,4056.11
517,517,Cancelled,2024-07-23 05:07:49,2094.54
518,518,Paid,2024-05-30 20:54:42,2351.15
519,519,Paid,2026-03-07 23:25:03,4970.16
520,520,Cancelled,2024-10-23 16:05:34,728.55
521,521,Pending,2024-09-18 11:58:27,4768.41
522,522,Pending,2025-03-12 16:45:31,2737.86
523,523,Paid,2026-01-10 09:20:02,2006.45
524,524,Pending,2025-03-23 11:44:57,3981.92
525,525,Pending,2024-12-22 06:07:46,2572.99
526,526,Paid,2025-09-29 14:37:32,4470.03
527,527,Cancelled,2025-12-20 11:14:53,3543.07
528,528,Cancelled,2025-10-04 23:10:55,1300.64
529,529,Refunded,2024-09-11 15:49:05,153.69
530,530,Cancelled,2024-08-16 14:43:25,995.46
531,531,Cancelled,2025-01-01 19:51:10,391.17
532,532,Cancelled,2025-05-31 04:33:19,185.71
533,533,Cancelled,2026-01-27 04:08:02,3648.61
534,534,Paid,2025-04-15 18:17:05,2722.89
535,535,Paid,2025-12-07 12:30:36,3978.59
536,536,Cancelled,2026-01-31 06:03:09,3456.07
537,537,Cancelled,2026-04-30 20:16:10,1902.43
538,538,Refunded,2025-01-10 19:14:49,4847.68
539,539,Pending,2026-04-16 21:22:03,3187.17
540,540,Pending,2025-10-28 23:09:20,2341.74
541,541,Pending,2025-08-26 16:50:55,4489.88
542,542,Refunded,2024-08-24 21:54:02,3809.63
543,543,Refunded,2025-02-17 19:36:35,685.01
544,544,Refunded,2025-10-13 20:44:14,1206.35
545,545,Refunded,2024-07-28 14:11:16,3367.81
546,546,Cancelled,2026-02-20 05:07:46,434.37
547,547,Paid,2025-02-24 08:25:53,3963.18
548,548,Paid,2025-06-17 03:05:18,2892.47
549,549,Refunded,2024-10-17 04:24:36,4885.98
550,550,Cancelled,2025-05-30 05:46:28,2789.7
551,551,Paid,2025-04-25 22:11:17,33.76
552,552,Cancelled,2026-04-02 15:50:06,2366.98
553,553,Paid,2025-03-12 09:03:10,2439.78
554,554,Paid,2025-05-20 00:01:09,1847.75
555,555,Paid,2024-12-09 11:21:30,2408.1
556,556,Paid,2025-07-26 06:41:03,3628.17
557,557,Refunded,2025-08-24 05:42:08,2367.05
558,558,Pending,2025-04-08 13:08:49,309.91
559,559,Refunded,2024-07-24 00:24:22,1140.18
560,560,Cancelled,2025-12-23 12:32:50,3665.41
561,561,Pending,2025-04-08 03:11:17,2276.0
562,562,Refunded,2026-02-03 20:34:13,3247.62
563,563,Paid,2025-02-24 22:57:24,2073.17
564,564,Paid,2025-09-03 17:51:52,1651.06
565,565,Paid,2024-10-06 16:27:51,476.12
566,566,Cancelled,2025-04-17 02:51:38,275.18
567,567,Paid,2025-09-16 19:23:01,273.96
568,568,Refunded,2025-04-10 20:04:26,2491.88
569,569,Pending,2024-07-26 03:12:21,159.82
570,570,Paid,2024-06-15 08:21:37,78.87
571,571,Refunded,2025-06-17 15:55:05,760.01
572,572,Pending,2025-02-04 09:07:31,2835.42
573,573,Pending,2025-05-09 23:16:10,3436.67
574,574,Pending,2025-10-22 08:17:45,3522.58
575,575,Paid,2024-11-05 02:29:37,183.21
576,576,Pending,2025-09-29 22:52:35,4948.99
577,577,Cancelled,2025-10-29 22:54:57,3108.12
578,578,Cancelled,2025-11-20 05:40:09,1835.08
579,579,Cancelled,2024-09-12 09:14:54,1359.77
580,580,Refunded,2026-05-07 19:26:29,3378.71
581,581,Cancelled,2025-06-03 16:00:56,3207.22
582,582,Cancelled,2025-06-28 11:43:38,1620.03
583,583,Refunded,2025-09-15 22:22:51,3745.87
584,584,Pending,2025-09-29 15:41:43,4160.45
585,585,Cancelled,2025-06-26 11:14:33,1745.81
586,586,Refunded,2024-07-19 03:51:21,3322.27
587,587,Pending,2024-12-26 17:38:12,3351.37
588,588,Paid,2025-05-13 14:46:39,299.66
589,589,Paid,2025-04-19 15:26:15,2034.23
590,590,Pending,2024-07-15 10:37:12,1759.13
591,591,Paid,2026-04-19 14:07:01,2215.23
592,592,Refunded,2026-01-27 12:24:56,4706.97
593,593,Pending,2025-05-20 21:51:39,482.72
594,594,Pending,2025-01-03 06:16:33,1207.01
595,595,Cancelled,2024-09-07 08:45:58,4344.62
596,596,Cancelled,2024-08-22 04:42:47,3985.18
597,597,Cancelled,2025-10-28 11:04:33,3712.96
598,598,Paid,2026-04-16 05:52:59,1909.02
599,599,Cancelled,2025-01-03 06:33:46,3722.84
600,600,Paid,2026-02-27 13:56:39,3840.27
601,601,Refunded,2024-11-24 01:46:37,4190.66
602,602,Paid,2025-06-25 05:40:56,1730.66
603,603,Cancelled,2025-04-12 04:02:18,4045.51
604,604,Paid,2024-12-30 10:42:59,1519.87
605,605,Refunded,2025-07-30 12:48:47,4003.69
606,606,Cancelled,2024-06-21 00:15:33,3084.58
607,607,Paid,2025-07-16 21:49:06,2590.73
608,608,Paid,2024-07-13 09:12:33,1389.66
609,609,Pending,2026-04-27 10:17:19,2587.23
610,610,Refunded,2024-06-18 23:10:10,4780.89
611,611,Pending,2025-06-17 17:16:48,2526.51
612,612,Paid,2024-08-06 12:56:55,1430.54
613,613,Cancelled,2025-06-15 13:46:30,3375.73
614,614,Refunded,2025-04-09 23:30:06,1292.35
615,615,Cancelled,2025-03-31 17:46:46,153.51
616,616,Refunded,2024-07-27 07:51:21,1061.32
617,617,Pending,2025-05-10 20:21:52,1881.95
618,618,Cancelled,2025-10-10 05:46:28,1600.34
619,619,Paid,2025-11-25 10:05:28,3688.45
620,620,Paid,2025-07-30 11:44:29,503.91
621,621,Paid,2026-02-05 06:41:29,470.84
622,622,Refunded,2024-11-27 17:53:29,4557.0
623,623,Paid,2025-02-15 00:45:01,4007.39
624,624,Refunded,2024-11-28 21:28:41,4811.56
625,625,Cancelled,2025-08-12 18:18:58,2063.59
626,626,Refunded,2024-07-17 10:50:05,4487.4
627,627,Pending,2026-01-01 23:09:14,2990.34
628,628,Refunded,2025-06-09 23:25:36,400.34
629,629,Cancelled,2024-05-27 13:48:36,4137.23
630,630,Pending,2024-08-11 10:27:04,606.57
631,631,Cancelled,2025-12-11 02:45:41,280.53
632,632,Pending,2025-10-10 19:15:12,3621.6
633,633,Paid,2025-05-09 11:13:43,3261.16
634,634,Paid,2024-10-01 09:38:06,4390.37
635,635,Pending,2026-01-15 13:56:34,4426.05
636,636,Cancelled,2024-10-03 11:08:43,3290.07
637,637,Refunded,2026-02-28 15:31:03,1338.19
638,638,Cancelled,2025-03-16 03:47:43,3088.67
639,639,Pending,2024-06-19 02:13:24,3320.24
640,640,Refunded,2024-07-18 15:11:18,63.09
641,641,Pending,2025-04-03 06:01:52,1496.6
642,642,Cancelled,2026-03-26 22:26:38,4116.73
643,643,Paid,2025-11-13 01:06:27,4608.51
644,644,Pending,2025-01-01 03:05:29,3596.94
645,645,Refunded,2025-01-13 18:55:26,4842.56
646,646,Refunded,2025-08-14 00:53:50,2362.99
647,647,Refunded,2025-11-28 08:38:34,3052.07
648,648,Cancelled,2025-05-03 08:19:11,2245.35
649,649,Pending,2025-12-24 04:38:47,44.5
650,650,Cancelled,2025-10-17 13:05:21,2927.7
651,651,Cancelled,2025-04-29 10:10:35,4792.89
652,652,Refunded,2025-09-11 11:12:29,3610.87
653,653,Pending,2026-02-01 09:39:29,3417.32
654,654,Cancelled,2024-12-06 19:53:04,421.41
655,655,Pending,2025-02-04 01:28:25,411.04
656,656,Paid,2026-04-28 01:23:11,2505.2
657,657,Refunded,2026-03-22 17:35:03,4047.19
658,658,Pending,2026-02-03 02:08:46,4007.04
659,659,Cancelled,2024-10-07 08:02:47,2130.64
660,660,Cancelled,2024-10-25 21:08:21,3105.97
661,661,Cancelled,2024-10-05 16:49:07,2956.61
662,662,Refunded,2024-07-14 16:40:33,4704.73
663,663,Refunded,2025-12-16 04:10:31,1480.11
664,664,Cancelled,2025-08-27 02:54:05,2573.35
665,665,Paid,2024-12-02 08:34:17,3797.29
666,666,Paid,2026-03-22 22:38:08,1193.29
667,667,Pending,2025-10-19 23:47:20,595.42
668,668,Pending,2024-08-05 12:41:12,3615.78
669,669,Paid,2025-04-16 21:08:15,2091.43
670,670,Cancelled,2025-07-04 00:01:49,3462.45
671,671,Cancelled,2024-05-28 20:30:13,926.34
672,672,Paid,2024-05-19 11:32:13,1677.7
673,673,Pending,2025-03-17 16:38:24,4939.6
674,674,Pending,2024-08-13 13:34:48,1270.82
675,675,Paid,2024-05-25 06:33:19,2589.34
676,676,Refunded,2024-09-25 07:55:07,572.18
677,677,Refunded,2025-10-06 07:33:21,4210.62
678,678,Cancelled,2025-05-20 12:41:55,3942.38
679,679,Cancelled,2025-05-07 08:36:00,3028.13
680,680,Refunded,2025-11-03 06:44:33,3599.46
681,681,Paid,2025-03-25 13:59:39,2047.48
682,682,Cancelled,2026-03-20 17:46:56,4906.32
683,683,Cancelled,2025-10-07 19:16:29,2780.83
684,684,Pending,2025-12-14 00:18:22,697.79
685,685,Pending,2025-08-25 10:32:05,3512.13
686,686,Paid,2025-11-29 18:30:32,4341.7
687,687,Cancelled,2025-05-27 23:42:16,4831.12
688,688,Cancelled,2025-01-05 03:08:25,160.55
689,689,Refunded,2025-09-07 08:12:13,1689.73
690,690,Refunded,2026-02-05 12:25:39,2601.93
691,691,Paid,2025-09-05 23:29:47,4839.65
692,692,Pending,2025-02-19 03:00:41,1906.26
693,693,Cancelled,2025-11-02 09:25:04,3538.63
694,694,Refunded,2025-10-20 07:08:26,3185.61
695,695,Paid,2025-11-02 02:32:25,1221.54
696,696,Cancelled,2025-10-21 07:21:30,1081.64
697,697,Pending,2025-03-17 17:49:18,4801.91
698,698,Cancelled,2026-01-29 22:07:48,4045.96
699,699,Cancelled,2025-01-05 00:28:07,355.68
700,700,Pending,2024-07-22 00:10:37,3185.98
701,701,Cancelled,2024-08-20 02:22:36,1435.66
702,702,Refunded,2024-08-27 21:14:46,4363.58
703,703,Paid,2024-05-25 17:12:20,2103.48
704,704,Paid,2024-10-10 03:20:54,4003.01
705,705,Paid,2024-08-09 20:44:23,667.69
706,706,Paid,2026-02-07 17:17:23,1064.34
707,707,Pending,2024-05-27 06:39:43,2467.88
708,708,Cancelled,2025-11-06 13:31:29,2796.85
709,709,Paid,2024-10-08 03:14:07,2707.14
710,710,Cancelled,2026-03-13 03:41:04,4532.73
711,711,Refunded,2024-06-04 18:24:47,406.32
712,712,Refunded,2024-10-24 10:51:35,1746.65
713,713,Cancelled,2025-05-23 15:12:51,2577.73
714,714,Cancelled,2025-09-30 17:45:10,1173.6
715,715,Refunded,2024-09-04 16:24:35,1644.0
716,716,Paid,2025-10-01 14:34:04,417.93
717,717,Pending,2024-11-18 17:38:58,842.93
718,718,Paid,2025-04-18 10:13:32,1706.17
719,719,Cancelled,2026-02-28 00:13:46,4691.95
720,720,Paid,2025-09-13 05:07:41,2175.3
721,721,Refunded,2026-03-12 12:20:55,4558.43
722,722,Refunded,2026-01-18 13:25:19,4174.22
723,723,Refunded,2025-07-07 06:26:45,1962.76
724,724,Pending,2024-10-10 05:26:35,894.5
725,725,Refunded,2024-07-20 19:26:23,4967.81
726,726,Paid,2025-01-03 16:03:19,2256.06
727,727,Paid,2026-01-02 19:10:54,1655.13
728,728,Pending,2025-05-09 21:25:05,1227.84
729,729,Pending,2024-09-07 00:32:51,4201.88
730,730,Cancelled,2025-05-18 02:20:12,4076.17
731,731,Pending,2025-04-07 14:56:18,474.03
732,732,Pending,2024-05-31 21:14:05,1063.85
733,733,Pending,2024-08-13 09:29:22,4591.46
734,734,Cancelled,2024-09-20 22:58:13,4339.95
735,735,Refunded,2026-04-15 20:46:51,2624.31
736,736,Cancelled,2024-09-10 07:53:46,651.34
737,737,Cancelled,2025-12-09 18:25:08,4648.75
738,738,Pending,2025-11-11 15:55:03,2734.8
739,739,Refunded,2025-04-25 18:53:54,2148.83
740,740,Pending,2025-05-26 16:28:05,947.04
741,741,Cancelled,2025-05-16 03:44:07,2655.34
742,742,Pending,2024-05-30 04:25:40,4908.16
743,743,Cancelled,2026-03-13 18:18:25,764.73
744,744,Pending,2025-04-29 02:07:49,2255.2
745,745,Cancelled,2025-08-12 11:56:53,4159.19
746,746,Paid,2024-11-19 09:29:03,4850.35
747,747,Pending,2024-10-18 07:45:35,2045.37
748,748,Refunded,2024-12-29 22:35:43,4122.92
749,749,Refunded,2025-07-31 05:29:34,3195.88
750,750,Refunded,2026-02-18 04:37:21,4070.06
751,751,Refunded,2026-02-21 14:24:59,2412.09
752,752,Pending,2025-03-15 04:58:46,4455.72
753,753,Pending,2024-06-23 11:47:52,980.53
754,754,Cancelled,2025-01-29 05:57:21,4296.72
755,755,Paid,2024-05-21 01:19:37,2508.53
756,756,Refunded,2024-08-02 16:19:35,298.55
757,757,Refunded,2025-09-16 14:13:53,1080.57
758,758,Cancelled,2026-03-04 07:29:57,3534.48
759,759,Pending,2025-11-19 19:33:11,1107.25
760,760,Pending,2025-04-15 07:39:01,3884.23
761,761,Pending,2025-04-02 19:29:11,3732.41
762,762,Refunded,2026-03-05 01:53:36,867.67
763,763,Cancelled,2025-06-03 23:07:02,4082.76
764,764,Paid,2025-12-08 10:40:31,4615.45
765,765,Pending,2025-08-07 09:34:03,1574.62
766,766,Paid,2025-08-20 17:47:38,3947.52
767,767,Pending,2025-12-03 18:49:53,3821.24
768,768,Refunded,2025-07-19 11:31:29,1668.72
769,769,Cancelled,2024-12-26 18:58:11,1465.96
770,770,Pending,2024-06-12 16:35:26,2615.61
771,771,Cancelled,2025-05-28 14:08:00,4905.9
772,772,Cancelled,2025-03-21 09:07:18,4464.02
773,773,Refunded,2025-05-27 12:07:06,3253.21
774,774,Cancelled,2025-06-17 16:11:02,539.22
775,775,Paid,2025-08-17 00:18:37,2393.85
776,776,Cancelled,2025-11-28 18:19:37,1811.23
777,777,Refunded,2025-09-01 21:38:17,3195.41
778,778,Cancelled,2026-05-11 09:26:25,2010.66
779,779,Cancelled,2025-10-24 01:49:35,1179.58
780,780,Refunded,2026-04-17 22:19:33,4210.22
781,781,Paid,2026-02-08 06:43:49,1912.97
782,782,Refunded,2026-03-19 20:24:48,1499.16
783,783,Refunded,2025-05-28 21:40:58,2584.2
784,784,Cancelled,2024-11-11 01:34:36,3735.72
785,785,Pending,2025-11-20 17:52:35,2507.32
786,786,Pending,2024-07-01 02:09:25,1052.0
787,787,Paid,2025-06-29 06:55:47,3125.53
788,788,Pending,2024-05-29 17:05:30,4824.92
789,789,Refunded,2025-04-07 17:16:28,1431.45
790,790,Cancelled,2025-08-05 15:28:37,1774.2
791,791,Cancelled,2025-01-15 06:24:47,4591.74
792,792,Cancelled,2025-07-18 15:58:23,164.46
793,793,Pending,2024-07-03 06:27:45,4458.01
794,794,Refunded,2024-12-08 23:36:16,3393.4
795,795,Refunded,2026-04-08 10:58:37,4701.28
796,796,Cancelled,2025-09-30 11:43:58,4795.26
797,797,Cancelled,2025-04-03 22:32:43,1387.44
798,798,Refunded,2026-04-05 13:19:18,2074.65
799,799,Paid,2025-05-17 14:11:56,1047.52
800,800,Paid,2024-08-13 18:28:23,661.29
801,801,Pending,2025-06-03 06:04:17,1142.44
802,802,Paid,2025-09-10 14:26:50,2888.08
803,803,Pending,2026-05-14 06:06:22,3475.17
804,804,Cancelled,2025-09-28 20:12:16,3612.28
805,805,Cancelled,2025-02-08 06:41:28,473.76
806,806,Pending,2025-04-28 03:55:50,736.03
807,807,Cancelled,2025-11-07 17:09:04,1253.8
808,808,Paid,2025-04-18 18:27:23,2757.62
809,809,Paid,2024-05-31 02:24:32,1615.93
810,810,Paid,2024-09-17 06:00:46,210.19
811,811,Refunded,2024-12-24 15:26:59,4734.3
812,812,Pending,2025-11-30 00:03:33,4096.68
813,813,Pending,2024-10-11 05:25:53,2296.03
814,814,Cancelled,2025-05-14 09:48:55,1643.87
815,815,Cancelled,2025-02-06 00:19:10,125.46
816,816,Cancelled,2025-04-20 05:30:53,2465.19
817,817,Refunded,2024-11-11 05:15:19,372.97
818,818,Refunded,2025-06-13 05:33:34,4631.49
819,819,Refunded,2024-11-01 14:05:17,3048.6
820,820,Refunded,2025-08-14 09:17:31,2324.15
821,821,Cancelled,2026-04-21 00:50:08,1780.2
822,822,Refunded,2025-10-28 23:22:55,1716.32
823,823,Refunded,2025-02-02 08:48:35,3065.79
824,824,Paid,2026-04-30 20:56:11,4881.79
825,825,Refunded,2025-08-25 14:29:58,4457.34
826,826,Pending,2026-03-08 20:04:17,4484.82
827,827,Cancelled,2026-02-28 07:15:55,3447.88
828,828,Paid,2025-11-21 10:49:06,687.34
829,829,Refunded,2025-10-07 05:07:37,2226.69
830,830,Refunded,2025-05-13 19:24:10,2579.45
831,831,Pending,2024-08-24 19:30:45,4489.9
832,832,Pending,2026-03-31 22:05:06,3128.84
833,833,Pending,2024-12-28 19:48:03,3454.6
834,834,Refunded,2025-11-27 12:08:36,3700.56
835,835,Paid,2025-11-18 11:43:14,734.19
836,836,Pending,2025-03-14 03:35:12,4713.17
837,837,Paid,2025-04-03 17:23:36,3878.71
838,838,Refunded,2026-02-21 00:17:25,1983.9
839,839,Paid,2025-10-19 18:10:08,499.48
840,840,Pending,2025-10-03 18:01:29,3059.09
841,841,Refunded,2025-12-06 12:11:23,480.81
842,842,Refunded,2025-02-18 18:11:24,2467.3
843,843,Paid,2026-01-23 04:32:44,1611.95
844,844,Paid,2025-05-16 19:18:46,4023.08
845,845,Pending,2026-01-26 03:03:16,3951.67
846,846,Cancelled,2026-03-01 21:44:38,2378.45
847,847,Refunded,2024-09-17 18:55:07,3829.87
848,848,Paid,2025-09-09 22:31:18,2326.88
849,849,Pending,2024-10-22 21:11:16,2574.2
850,850,Paid,2024-12-20 07:55:25,1514.92
851,851,Refunded,2025-11-02 10:04:30,958.99
852,852,Pending,2025-12-17 21:39:08,3422.35
853,853,Paid,2024-07-20 21:16:23,878.07
854,854,Refunded,2025-10-15 01:22:23,3933.15
855,855,Refunded,2025-05-25 00:15:26,4392.71
856,856,Pending,2024-08-23 05:04:26,67.84
857,857,Cancelled,2024-09-26 12:55:12,2922.09
858,858,Paid,2024-10-16 21:11:42,1183.09
859,859,Paid,2024-09-13 08:26:44,2887.86
860,860,Paid,2025-08-28 10:31:10,896.62
861,861,Paid,2025-06-01 05:32:48,4117.25
862,862,Pending,2024-08-01 07:31:17,1821.25
863,863,Refunded,2026-01-21 06:07:29,1780.84
864,864,Paid,2025-04-03 01:03:00,2923.31
865,865,Refunded,2025-06-02 10:14:32,3542.86
866,866,Cancelled,2025-01-05 19:01:16,4626.86
867,867,Refunded,2024-11-13 06:01:02,3046.76
868,868,Pending,2024-10-24 14:39:09,460.93
869,869,Refunded,2025-07-21 10:36:46,4523.1
870,870,Paid,2024-06-20 11:36:10,1526.38
871,871,Paid,2024-05-29 00:31:06,449.99
872,872,Paid,2025-02-17 14:48:34,4774.96
873,873,Refunded,2026-03-30 03:49:11,1035.65
874,874,Pending,2024-12-03 12:21:12,3710.25
875,875,Refunded,2025-02-16 06:19:11,1324.69
876,876,Pending,2025-10-22 17:23:22,2375.5
877,877,Cancelled,2024-09-15 03:09:35,1087.41
878,878,Cancelled,2024-09-27 15:27:34,3465.68
879,879,Cancelled,2026-02-17 00:37:18,2149.04
880,880,Cancelled,2026-03-13 12:03:59,454.18
881,881,Pending,2026-04-09 16:26:07,1211.3
882,882,Paid,2025-06-10 00:04:00,597.55
883,883,Pending,2024-06-08 18:30:13,770.67
884,884,Pending,2026-01-31 14:40:17,3103.84
885,885,Pending,2024-07-03 09:21:08,2522.45
886,886,Refunded,2025-02-01 06:22:18,216.38
887,887,Refunded,2025-04-14 09:53:13,2968.47
888,888,Pending,2024-08-11 11:04:52,2811.21
889,889,Paid,2025-09-06 14:44:49,3097.98
890,890,Paid,2024-11-07 00:21:08,2789.17
891,891,Cancelled,2024-08-16 16:19:39,2900.41
892,892,Refunded,2025-07-25 10:37:59,1524.05
893,893,Paid,2024-11-04 23:59:06,805.76
894,894,Paid,2025-05-27 17:02:45,4126.02
895,895,Paid,2024-12-01 04:41:33,3386.98
896,896,Paid,2025-02-03 06:38:34,2575.42
897,897,Pending,2026-01-14 13:52:17,3360.09
898,898,Pending,2025-02-14 20:42:41,1618.25
899,899,Pending,2026-01-02 12:42:31,488.62
900,900,Cancelled,2024-06-20 04:39:00,1182.85
901,901,Cancelled,2026-01-03 02:08:56,4407.39
902,902,Refunded,2026-03-27 16:18:28,2455.5
903,903,Paid,2025-07-21 14:11:20,4869.52
904,904,Paid,2024-12-08 16:56:15,4558.19
905,905,Pending,2026-04-11 03:06:45,76.5
906,906,Paid,2024-09-09 08:42:31,3460.09
907,907,Cancelled,2026-03-08 19:13:14,3099.54
908,908,Refunded,2025-11-01 23:35:57,1467.0
909,909,Paid,2026-03-24 13:24:27,4069.44
910,910,Pending,2025-06-19 06:03:28,577.83
911,911,Paid,2025-08-27 07:18:43,3912.97
912,912,Pending,2025-10-16 22:39:40,3821.94
913,913,Refunded,2024-08-03 19:53:15,1376.71
914,914,Cancelled,2025-11-14 14:52:54,2970.32
915,915,Cancelled,2024-06-23 02:28:28,158.52
916,916,Cancelled,2026-05-04 16:12:50,401.53
917,917,Refunded,2025-04-20 00:13:15,3854.33
918,918,Cancelled,2026-01-25 12:44:05,309.0
919,919,Pending,2025-05-05 00:09:56,2279.83
920,920,Cancelled,2026-02-27 15:02:39,1803.37
921,921,Paid,2025-12-22 23:00:29,777.08
922,922,Pending,2024-08-09 02:26:25,4131.04
923,923,Paid,2024-08-05 04:30:25,606.01
924,924,Cancelled,2026-01-12 01:35:47,4179.54
925,925,Paid,2025-09-01 04:26:12,4799.21
926,926,Paid,2025-08-31 11:20:54,482.25
927,927,Cancelled,2026-01-12 10:59:20,1590.98
928,928,Paid,2026-03-12 16:02:26,4883.24
929,929,Cancelled,2024-08-02 01:29:51,4771.45
930,930,Pending,2026-02-13 15:44:49,4301.37
931,931,Cancelled,2025-07-25 19:47:38,320.93
932,932,Paid,2024-06-16 12:54:24,4350.84
933,933,Refunded,2025-06-12 23:24:14,88.05
934,934,Cancelled,2024-08-04 19:32:41,2024.92
935,935,Pending,2024-09-21 16:30:30,1998.12
936,936,Pending,2025-09-16 05:12:49,4309.26
937,937,Pending,2024-08-14 15:19:31,4934.34
938,938,Cancelled,2026-03-22 08:43:24,1106.64
939,939,Cancelled,2024-10-21 11:12:59,315.14
940,940,Refunded,2026-04-22 12:32:43,558.31
941,941,Paid,2025-02-19 19:58:07,2624.12
942,942,Cancelled,2024-09-13 21:50:18,3911.13
943,943,Paid,2025-12-01 15:57:15,4335.91
944,944,Paid,2024-12-27 20:06:24,1386.25
945,945,Pending,2025-11-15 23:39:41,2805.98
946,946,Pending,2025-04-22 21:01:48,1263.24
947,947,Paid,2025-12-27 18:35:27,1505.26
948,948,Cancelled,2025-06-11 21:08:10,3999.43
949,949,Cancelled,2025-06-06 01:13:16,1701.47
950,950,Pending,2025-12-04 22:17:48,1479.9
951,951,Pending,2026-03-22 01:42:00,3122.8
952,952,Refunded,2024-07-31 01:31:06,1232.16
953,953,Paid,2024-09-11 18:49:14,3006.9
954,954,Cancelled,2025-09-29 13:13:37,4206.83
955,955,Refunded,2025-02-21 11:05:13,948.79
956,956,Pending,2025-01-29 20:04:33,4568.4
957,957,Refunded,2026-02-10 04:48:12,3435.77
958,958,Refunded,2024-08-29 22:48:16,3718.62
959,959,Paid,2024-08-18 11:07:03,1595.5
960,960,Paid,2026-03-05 01:29:55,1073.63
961,961,Cancelled,2024-10-18 18:02:53,4472.94
962,962,Pending,2025-04-21 00:06:52,3912.98
963,963,Pending,2025-04-02 20:40:42,4598.3
964,964,Pending,2026-01-02 09:49:36,3895.86
965,965,Pending,2026-01-02 06:21:25,2153.26
966,966,Cancelled,2024-05-20 01:20:27,2748.06
967,967,Pending,2024-11-21 11:33:45,993.35
968,968,Pending,2026-02-22 08:35:19,743.94
969,969,Paid,2026-02-02 10:05:59,2668.81
970,970,Pending,2025-05-17 20:15:51,1305.33
971,971,Cancelled,2025-02-04 01:12:25,2067.75
972,972,Refunded,2024-12-23 16:06:06,1833.18
973,973,Refunded,2025-06-11 04:50:44,2078.21
974,974,Cancelled,2024-09-24 23:05:27,2595.96
975,975,Refunded,2024-07-20 03:24:50,4719.78
976,976,Pending,2024-12-07 13:25:49,509.36
977,977,Paid,2025-02-28 05:15:23,2465.65
978,978,Cancelled,2025-11-21 10:49:45,668.74
979,979,Cancelled,2025-12-22 05:52:27,1155.37
980,980,Pending,2025-04-02 06:51:39,1677.92
981,981,Cancelled,2025-02-19 01:25:12,2883.94
982,982,Paid,2025-09-15 20:09:33,2010.19
983,983,Refunded,2025-10-13 10:56:59,1315.54
984,984,Paid,2024-11-21 14:04:59,44.26
985,985,Refunded,2024-09-09 16:46:39,572.32
986,986,Paid,2025-12-20 23:19:19,1280.25
987,987,Pending,2025-12-21 04:55:53,1861.96
988,988,Refunded,2025-06-30 07:56:11,2729.37
989,989,Cancelled,2025-04-07 12:00:41,3562.47
990,990,Paid,2026-01-16 09:18:17,4460.33
991,991,Cancelled,2024-11-08 04:09:38,2082.08
992,992,Refunded,2024-08-30 02:56:25,608.95
993,993,Paid,2026-01-27 16:35:28,1945.82
994,994,Cancelled,2025-04-13 00:22:37,4301.54
995,995,Pending,2025-04-01 01:02:59,399.12
996,996,Paid,2026-04-27 23:40:26,2010.35
997,997,Refunded,2025-03-28 20:37:06,3917.82
998,998,Refunded,2026-04-12 11:41:22,1712.13
999,999,Refunded,2025-05-06 06:18:59,1907.84
1000,1000,Pending,2026-03-08 00:14:59,4550.64
